transaction_id,purchase_amount,product_category,customer_rating,social_media_platform,engagement_score,purchase_interest_score,review_sentiment,transaction_month,transaction_weekday,purchase_amount_monthly,purchase_avg_monthly,purchase_amount_weekday,purchase_avg_weekday,customer_engagement_score
1000.94766878263,408.43009141790594,4.0,2.314518029738407,0.0,0.4081632653061222,0.575,0.0,1.0,0.0,1121.0834824251772,186.8472470708629,408.43009141790594,408.43009141790594,0.4748979591836733
1002.3081002723676,332.9519768401512,2.0,4.190435641464056,1.0,0.040816326530612,0.975,2.0,1.0,1.0,332.9519768401512,332.9519768401512,332.9519768401512,332.9519768401512,0.4144897959183673
1002.3081002723676,332.9519768401512,2.0,4.190435641464056,5.0,0.5489918859109907,0.5858433734939759,3.0,1.0,1.0,332.9519768401512,332.9519768401512,332.9519768401512,332.9519768401512,0.5637324809441847
1002.3081002723676,332.9519768401512,2.0,4.190435641464056,5.0,0.5489918859109907,0.5858433734939759,3.0,1.0,1.0,332.9519768401512,332.9519768401512,1529.4640114269846,305.8928022853969,0.5637324809441847
1002.3081002723676,332.9519768401512,2.0,4.190435641464056,2.0,0.7346938775510203,0.525,0.0,1.0,1.0,614.4431714535016,307.2215857267508,332.9519768401512,332.9519768401512,0.6508163265306122
1003.7099727038252,441.0817977441892,2.0,2.1245568784138187,1.0,0.7142857142857142,0.725,0.0,1.0,2.0,441.0817977441892,441.0817977441892,1599.3617482798113,399.8404370699528,0.7185714285714284
1004.7268421430252,60.54344452624674,1.0,1.2966166004046724,5.0,0.5489918859109907,0.5858433734939759,3.0,1.0,4.0,275.7849086729448,68.9462271682362,342.77846908324875,114.25948969441625,0.5637324809441847
1004.7268421430252,60.54344452624674,1.0,1.2966166004046724,0.0,0.4081632653061222,0.575,0.0,1.0,4.0,1121.0834824251772,186.8472470708629,342.77846908324875,114.25948969441625,0.4748979591836733
1004.7268421430252,60.54344452624674,1.0,1.2966166004046724,3.0,0.0,0.65,2.0,1.0,4.0,275.7849086729448,68.9462271682362,342.77846908324875,114.25948969441625,0.26
1005.0312454645892,394.53887352649497,3.0,1.1045701676995727,5.0,0.5489918859109907,0.5858433734939759,3.0,1.0,5.0,776.9963049051844,258.99876830172815,873.297982386941,291.0993274623137,0.5637324809441847
1006.6538989054616,89.88459654613023,4.0,4.890054617676436,3.0,0.3877551020408161,0.4,0.0,1.0,6.0,89.88459654613023,89.88459654613023,89.88459654613023,89.88459654613023,0.3926530612244897
1009.5665283089852,228.18114379743355,2.0,3.800445750754999,2.0,0.7959183673469385,0.75,0.0,1.0,1.0,339.70332819935885,169.85166409967945,437.6860262999306,218.8430131499653,0.7775510204081632
1009.889474958182,111.52218440192532,4.0,2.60802720392755,2.0,0.7959183673469385,0.75,0.0,1.0,2.0,339.70332819935885,169.85166409967945,967.6127357943164,322.5375785981055,0.7775510204081632
1011.447749807923,401.0196089790219,4.0,1.6932659473117275,3.0,0.510204081632653,0.8999999999999999,1.0,1.0,3.0,3446.669996458691,382.9633329398546,5992.435645241358,399.4957096827572,0.6661224489795918
1011.447749807923,401.0196089790219,4.0,1.6932659473117275,0.0,0.9183673469387754,0.675,2.0,1.0,3.0,3446.669996458691,382.9633329398546,5992.435645241358,399.4957096827572,0.8210204081632653
1011.447749807923,401.0196089790219,4.0,1.6932659473117275,2.0,0.5510204081632653,0.55,2.0,1.0,3.0,3446.669996458691,382.9633329398546,5992.435645241358,399.4957096827572,0.5506122448979591
1011.447749807923,401.0196089790219,4.0,1.6932659473117275,5.0,0.5489918859109907,0.5858433734939759,3.0,1.0,3.0,1148.8899988195635,382.9633329398545,1604.8545795427035,401.2136448856759,0.5637324809441847
1010.722860812702,281.4911946133504,2.0,1.6036271981511108,2.0,0.2653061224489794,0.575,2.0,1.0,4.0,281.4911946133504,281.4911946133504,281.4911946133504,281.4911946133504,0.3891836734693876
1010.722860812702,281.4911946133504,2.0,1.6036271981511108,2.0,0.7346938775510203,0.525,0.0,1.0,4.0,614.4431714535016,307.2215857267508,281.4911946133504,281.4911946133504,0.6508163265306122
1012.2944097896468,289.1535604469843,1.0,1.99244155287708,5.0,0.5489918859109907,0.5858433734939759,3.0,1.0,5.0,289.1535604469843,289.1535604469843,289.1535604469843,289.1535604469843,0.5637324809441847
1014.2983292881424,145.9970357132178,4.0,3.8992972261950927,5.0,0.5489918859109907,0.5858433734939759,3.0,1.0,0.0,776.9963049051844,258.99876830172815,145.9970357132178,145.9970357132178,0.5637324809441847
1016.347829813994,436.8684823343265,0.0,3.605036353879191,0.0,0.4081632653061222,0.575,0.0,1.0,1.0,1121.0834824251772,186.8472470708629,591.4689177169147,197.15630590563825,0.4748979591836733
1017.4312634487168,270.97876525286244,0.0,2.081468943253272,4.0,0.5714285714285712,0.025,0.0,1.0,2.0,2314.85429695124,231.485429695124,1354.8938262643123,270.97876525286244,0.3528571428571427
1017.4312634487168,270.97876525286244,0.0,2.081468943253272,2.0,0.7959183673469385,0.35,1.0,1.0,2.0,2314.85429695124,231.485429695124,1354.8938262643123,270.97876525286244,0.6175510204081631
1017.4312634487168,270.97876525286244,0.0,2.081468943253272,1.0,0.6326530612244896,0.8999999999999999,1.0,1.0,2.0,2314.85429695124,231.485429695124,1354.8938262643123,270.97876525286244,0.7395918367346938
1017.4312634487168,270.97876525286244,0.0,2.081468943253272,3.0,0.6734693877551019,0.0499999999999999,0.0,1.0,2.0,2314.85429695124,231.485429695124,1354.8938262643123,270.97876525286244,0.4240816326530611
1017.4312634487168,270.97876525286244,0.0,2.081468943253272,5.0,0.5489918859109907,0.5858433734939759,3.0,1.0,2.0,672.8067652487255,224.2689217495752,270.97876525286244,270.97876525286244,0.5637324809441847
1018.5118117423692,456.2196039038288,3.0,4.808373123956554,3.0,0.510204081632653,0.8999999999999999,1.0,1.0,3.0,3446.669996458691,382.9633329398546,5992.435645241358,399.4957096827572,0.6661224489795918
1018.5118117423692,456.2196039038288,3.0,4.808373123956554,0.0,0.9183673469387754,0.675,2.0,1.0,3.0,3446.669996458691,382.9633329398546,5992.435645241358,399.4957096827572,0.8210204081632653
1018.5118117423692,456.2196039038288,3.0,4.808373123956554,2.0,0.5510204081632653,0.55,2.0,1.0,3.0,3446.669996458691,382.9633329398546,5992.435645241358,399.4957096827572,0.5506122448979591
1018.5118117423692,456.2196039038288,3.0,4.808373123956554,5.0,0.5489918859109907,0.5858433734939759,3.0,1.0,3.0,1148.8899988195635,382.9633329398545,1604.8545795427035,401.2136448856759,0.5637324809441847
1018.7551046793504,280.42283480949385,2.0,3.999592065646553,0.0,0.7551020408163263,0.95,0.0,1.0,4.0,280.42283480949385,280.42283480949385,740.4254366113458,370.2127183056729,0.8330612244897957
1018.7551046793504,280.42283480949385,2.0,3.999592065646553,3.0,0.0612244897959182,0.75,1.0,1.0,4.0,560.8456696189877,280.42283480949385,560.8456696189877,280.42283480949385,0.3367346938775509
1018.7551046793504,280.42283480949385,2.0,3.999592065646553,3.0,0.9387755102040816,0.55,1.0,1.0,4.0,560.8456696189877,280.42283480949385,560.8456696189877,280.42283480949385,0.783265306122449
1020.2442227467365,286.94198472100754,2.0,3.216991511265205,4.0,0.9387755102040816,0.2249999999999999,1.0,1.0,5.0,1721.6519083260453,286.94198472100754,1721.6519083260453,286.94198472100754,0.6532653061224489
1020.2442227467365,286.94198472100754,2.0,3.216991511265205,0.0,0.2448979591836733,0.8500000000000001,2.0,1.0,5.0,1721.6519083260453,286.94198472100754,1721.6519083260453,286.94198472100754,0.486938775510204
1020.2442227467365,286.94198472100754,2.0,3.216991511265205,4.0,0.4693877551020406,0.8,2.0,1.0,5.0,1721.6519083260453,286.94198472100754,1721.6519083260453,286.94198472100754,0.6016326530612244
1021.5345352098412,219.78381499779195,3.0,2.697594163960896,0.0,0.1428571428571428,0.7,0.0,1.0,0.0,439.5676299955839,219.78381499779195,439.5676299955839,219.78381499779195,0.3657142857142856
1021.5345352098412,219.78381499779195,3.0,2.697594163960896,2.0,0.9795918367346936,0.275,0.0,1.0,0.0,439.5676299955839,219.78381499779195,439.5676299955839,219.78381499779195,0.6977551020408161
1021.5345352098412,219.78381499779195,3.0,2.697594163960896,2.0,0.7551020408163263,0.5,2.0,1.0,0.0,219.78381499779195,219.78381499779195,219.78381499779195,219.78381499779195,0.6530612244897958
1021.5345352098412,219.78381499779195,3.0,2.697594163960896,4.0,0.3673469387755101,0.0,1.0,1.0,0.0,219.78381499779195,219.78381499779195,219.78381499779195,219.78381499779195,0.2204081632653061
1022.7407760025552,78.27307760722859,3.0,2.007867243300654,5.0,0.5489918859109907,0.5858433734939759,3.0,1.0,1.0,275.7849086729448,68.9462271682362,314.38644085604227,104.79548028534742,0.5637324809441847
1022.7407760025552,78.27307760722859,3.0,2.007867243300654,0.0,0.4081632653061222,0.575,0.0,1.0,1.0,1121.0834824251772,186.8472470708629,591.4689177169147,197.15630590563825,0.4748979591836733
1022.7407760025552,78.27307760722859,3.0,2.007867243300654,3.0,0.0,0.65,2.0,1.0,1.0,275.7849086729448,68.9462271682362,154.60043538258816,77.30021769129408,0.26
1024.2292853806937,86.09216735587422,4.0,2.4027160416770883,2.0,0.9591836734693876,0.8500000000000001,0.0,1.0,2.0,1444.580761070892,240.763460178482,258.2765020676227,86.09216735587422,0.9155102040816324
1024.2292853806937,86.09216735587422,4.0,2.4027160416770883,1.0,0.4285714285714284,0.375,1.0,1.0,2.0,1444.580761070892,240.763460178482,258.2765020676227,86.09216735587422,0.407142857142857
1024.2292853806937,86.09216735587422,4.0,2.4027160416770883,4.0,0.7959183673469385,0.075,0.0,1.0,2.0,1444.580761070892,240.763460178482,258.2765020676227,86.09216735587422,0.5075510204081631
1024.5155905142851,61.91123517659104,2.0,4.009950915619949,5.0,0.5489918859109907,0.5858433734939759,3.0,1.0,3.0,61.91123517659104,61.91123517659104,459.3104907107895,229.65524535539475,0.5637324809441847
1024.5155905142851,61.91123517659104,2.0,4.009950915619949,2.0,0.5714285714285712,0.425,0.0,1.0,3.0,309.5561758829552,61.91123517659104,2296.552453553947,229.6552453553947,0.5128571428571427
1024.5155905142851,61.91123517659104,2.0,4.009950915619949,3.0,0.9999999999999998,0.7749999999999999,1.0,1.0,3.0,309.5561758829552,61.91123517659104,2296.552453553947,229.6552453553947,0.91
1024.5155905142851,61.91123517659104,2.0,4.009950915619949,0.0,0.8979591836734693,0.7,0.0,1.0,3.0,309.5561758829552,61.91123517659104,2296.552453553947,229.6552453553947,0.8187755102040815
1024.5155905142851,61.91123517659104,2.0,4.009950915619949,4.0,0.183673469387755,0.7,1.0,1.0,3.0,309.5561758829552,61.91123517659104,2296.552453553947,229.6552453553947,0.390204081632653
1025.9233360055723,209.8359058584775,4.0,1.1238347512665674,0.0,0.510204081632653,0.175,1.0,1.0,4.0,209.8359058584775,209.8359058584775,209.8359058584775,209.8359058584775,0.3761224489795918
1025.9233360055723,209.8359058584775,4.0,1.1238347512665674,5.0,0.5489918859109907,0.5858433734939759,3.0,1.0,4.0,672.8067652487255,224.2689217495752,209.8359058584775,209.8359058584775,0.5637324809441847
1025.9233360055723,209.8359058584775,4.0,1.1238347512665674,1.0,0.5510204081632653,0.3249999999999999,2.0,1.0,4.0,629.5077175754325,209.8359058584775,629.5077175754325,209.8359058584775,0.4606122448979591
1025.9233360055723,209.8359058584775,4.0,1.1238347512665674,0.0,0.1632653061224489,0.65,2.0,1.0,4.0,629.5077175754325,209.8359058584775,629.5077175754325,209.8359058584775,0.3579591836734693
1025.9233360055723,209.8359058584775,4.0,1.1238347512665674,1.0,0.1632653061224489,0.425,0.0,1.0,4.0,629.5077175754325,209.8359058584775,629.5077175754325,209.8359058584775,0.2679591836734694
1026.5899787772516,375.5443139304451,3.0,1.4805788603032193,2.0,0.204081632653061,0.8500000000000001,2.0,1.0,5.0,375.5443139304451,375.5443139304451,375.5443139304451,375.5443139304451,0.4624489795918367
1026.5899787772516,375.5443139304451,3.0,1.4805788603032193,1.0,0.3673469387755101,0.0499999999999999,0.0,1.0,5.0,375.5443139304451,375.5443139304451,375.5443139304451,375.5443139304451,0.2404081632653061
1026.5899787772516,375.5443139304451,3.0,1.4805788603032193,0.0,0.9183673469387754,0.475,1.0,1.0,5.0,751.0886278608903,375.5443139304451,2985.279871809568,298.5279871809568,0.7410204081632652
1026.5899787772516,375.5443139304451,3.0,1.4805788603032193,3.0,0.2857142857142856,0.7,2.0,1.0,5.0,751.0886278608903,375.5443139304451,2985.279871809568,298.5279871809568,0.4514285714285713
1028.1994672141336,236.4603956654716,2.0,1.203971191287725,5.0,0.5489918859109907,0.5858433734939759,3.0,1.0,6.0,776.9963049051844,258.99876830172815,236.4603956654716,236.4603956654716,0.5637324809441847
1028.5332548537576,291.65078593671296,4.0,1.217837653875169,3.0,0.510204081632653,0.8999999999999999,1.0,1.0,0.0,3446.669996458691,382.9633329398546,1696.8219777902366,282.80366296503945,0.6661224489795918
1028.5332548537576,291.65078593671296,4.0,1.217837653875169,0.0,0.9183673469387754,0.675,2.0,1.0,0.0,3446.669996458691,382.9633329398546,1696.8219777902366,282.80366296503945,0.8210204081632653
1028.5332548537576,291.65078593671296,4.0,1.217837653875169,2.0,0.5510204081632653,0.55,2.0,1.0,0.0,3446.669996458691,382.9633329398546,1696.8219777902366,282.80366296503945,0.5506122448979591
1028.5332548537576,291.65078593671296,4.0,1.217837653875169,5.0,0.5489918859109907,0.5858433734939759,3.0,1.0,0.0,1148.8899988195635,382.9633329398545,536.6445227715658,268.3222613857829,0.5637324809441847
1031.070513462852,332.9006535846725,3.0,3.812104105842757,3.0,0.2653061224489794,0.825,0.0,1.0,2.0,665.801307169345,332.9006535846725,665.801307169345,332.9006535846725,0.4891836734693877
1031.070513462852,332.9006535846725,3.0,3.812104105842757,0.0,0.5714285714285712,0.725,0.0,1.0,2.0,665.801307169345,332.9006535846725,665.801307169345,332.9006535846725,0.6328571428571427
1031.7404232184872,114.260927642523,2.0,2.8895987682480064,2.0,0.204081632653061,0.8500000000000001,2.0,2.0,3.0,114.260927642523,114.260927642523,114.260927642523,114.260927642523,0.4624489795918367
1031.7404232184872,114.260927642523,2.0,2.8895987682480064,1.0,0.3673469387755101,0.0499999999999999,0.0,2.0,3.0,677.6428467811388,225.88094892704623,290.12016115486364,145.06008057743182,0.2404081632653061
1031.7404232184872,114.260927642523,2.0,2.8895987682480064,0.0,0.9183673469387754,0.475,1.0,2.0,3.0,228.521855285046,114.260927642523,228.521855285046,114.260927642523,0.7410204081632652
1031.7404232184872,114.260927642523,2.0,2.8895987682480064,3.0,0.2857142857142856,0.7,2.0,2.0,3.0,228.521855285046,114.260927642523,228.521855285046,114.260927642523,0.4514285714285713
1032.726454460672,219.12699951831908,3.0,1.3937886205395975,4.0,0.9387755102040816,0.2249999999999999,1.0,2.0,4.0,1479.2506185350549,246.54176975584247,657.3809985549573,219.12699951831908,0.6532653061224489
1032.726454460672,219.12699951831908,3.0,1.3937886205395975,0.0,0.2448979591836733,0.8500000000000001,2.0,2.0,4.0,1479.2506185350549,246.54176975584247,657.3809985549573,219.12699951831908,0.486938775510204
1032.726454460672,219.12699951831908,3.0,1.3937886205395975,4.0,0.4693877551020406,0.8,2.0,2.0,4.0,1479.2506185350549,246.54176975584247,657.3809985549573,219.12699951831908,0.6016326530612244
1032.726454460672,219.12699951831908,3.0,1.3937886205395975,5.0,0.5489918859109907,0.5858433734939759,3.0,2.0,4.0,498.7129018136379,249.35645090681896,219.12699951831908,219.12699951831908,0.5637324809441847
1034.3918158581218,94.14582427891952,2.0,2.9881589905667263,4.0,0.4489795918367345,0.2249999999999999,2.0,2.0,5.0,282.43747283675856,94.14582427891952,282.43747283675856,94.14582427891952,0.3593877551020407
1034.3918158581218,94.14582427891952,2.0,2.9881589905667263,4.0,0.4285714285714284,0.95,0.0,2.0,5.0,282.43747283675856,94.14582427891952,282.43747283675856,94.14582427891952,0.637142857142857
1034.3918158581218,94.14582427891952,2.0,2.9881589905667263,1.0,0.040816326530612,0.425,2.0,2.0,5.0,282.43747283675856,94.14582427891952,282.43747283675856,94.14582427891952,0.1944897959183673
1034.3918158581218,94.14582427891952,2.0,2.9881589905667263,4.0,0.857142857142857,0.35,1.0,2.0,5.0,709.0910436925906,236.36368123086356,238.09269750409337,119.04634875204668,0.6542857142857141
1035.7783054900835,110.27201358581644,0.0,2.900837460033605,3.0,0.510204081632653,0.525,1.0,2.0,6.0,2199.727502652669,366.6212504421116,220.54402717163288,110.27201358581644,0.5161224489795918
1035.7783054900835,110.27201358581644,0.0,2.900837460033605,0.0,0.9795918367346936,0.825,0.0,2.0,6.0,2199.727502652669,366.6212504421116,220.54402717163288,110.27201358581644,0.917755102040816
1035.7783054900835,110.27201358581644,0.0,2.900837460033605,5.0,0.5489918859109907,0.5858433734939759,3.0,2.0,6.0,604.07382215403,302.036911077015,110.27201358581644,110.27201358581644,0.5637324809441847
1035.7783054900835,110.27201358581644,0.0,2.900837460033605,4.0,0.3265306122448979,0.275,2.0,2.0,6.0,604.07382215403,302.036911077015,161.40873413698876,80.70436706849438,0.3059183673469387
1036.0394570725998,492.3990006261268,1.0,1.710769717460022,2.0,0.2653061224489794,0.575,2.0,2.0,0.0,984.7980012522536,492.3990006261268,984.7980012522536,492.3990006261268,0.3891836734693876
1036.0394570725998,492.3990006261268,1.0,1.710769717460022,0.0,0.7551020408163263,0.95,0.0,2.0,0.0,492.3990006261268,492.3990006261268,1475.155020585356,491.7183401951186,0.8330612244897957
1036.8618799541027,181.4702775540141,1.0,2.712940525212624,1.0,0.7142857142857142,0.725,0.0,2.0,1.0,337.56342277005365,168.78171138502682,181.4702775540141,181.4702775540141,0.7185714285714284
1037.6882414550716,332.22829522691853,1.0,2.604901953843757,0.0,0.5306122448979591,0.725,0.0,2.0,2.0,332.22829522691853,332.22829522691853,332.22829522691853,332.22829522691853,0.6083673469387754
1039.8397599732268,156.09314521603952,0.0,3.49586160494542,1.0,0.7142857142857142,0.725,0.0,2.0,4.0,337.56342277005365,168.78171138502682,388.9706420921916,194.4853210460958,0.7185714285714284
1039.8397599732268,156.09314521603952,0.0,3.49586160494542,0.0,0.9999999999999998,0.8,0.0,2.0,4.0,156.09314521603952,156.09314521603952,388.9706420921916,194.4853210460958,0.92
1039.8397599732268,156.09314521603952,0.0,3.49586160494542,0.0,0.9795918367346936,0.425,1.0,2.0,4.0,312.18629043207903,156.09314521603952,777.9412841843832,194.4853210460958,0.7577551020408162
1039.8397599732268,156.09314521603952,0.0,3.49586160494542,1.0,0.0,0.0,2.0,2.0,4.0,312.18629043207903,156.09314521603952,777.9412841843832,194.4853210460958,0.0
1042.3248587393227,387.5226856262751,4.0,2.2050810207123144,1.0,0.3673469387755101,0.0499999999999999,0.0,2.0,6.0,677.6428467811388,225.88094892704623,387.5226856262751,387.5226856262751,0.2404081632653061
1044.0068558646635,495.7899291723048,4.0,3.01665644058476,3.0,0.510204081632653,0.525,1.0,2.0,1.0,2199.727502652669,366.6212504421116,1196.5120345868334,299.12800864670834,0.5161224489795918
1044.0068558646635,495.7899291723048,4.0,3.01665644058476,0.0,0.9795918367346936,0.825,0.0,2.0,1.0,2199.727502652669,366.6212504421116,1196.5120345868334,299.12800864670834,0.917755102040816
1044.0068558646635,495.7899291723048,4.0,3.01665644058476,5.0,0.5489918859109907,0.5858433734939759,3.0,2.0,1.0,991.5798583446096,495.7899291723048,1529.4640114269846,305.8928022853969,0.5637324809441847
1046.0558090555571,175.85923351234064,0.0,3.6093973191114457,1.0,0.3673469387755101,0.0499999999999999,0.0,2.0,3.0,677.6428467811388,225.88094892704623,290.12016115486364,145.06008057743182,0.2404081632653061
1046.8455080952251,396.2171742032585,4.0,1.687159442291859,2.0,0.0204081632653059,0.95,1.0,2.0,4.0,396.2171742032585,396.2171742032585,1185.106295693467,395.0354318978223,0.3922448979591835
1046.8455080952251,396.2171742032585,4.0,1.687159442291859,2.0,0.4897959183673468,0.625,2.0,2.0,4.0,792.434348406517,396.2171742032585,792.434348406517,396.2171742032585,0.5438775510204081
1046.8455080952251,396.2171742032585,4.0,1.687159442291859,3.0,0.9183673469387754,0.55,1.0,2.0,4.0,792.434348406517,396.2171742032585,792.434348406517,396.2171742032585,0.7710204081632652
1047.6516388917491,279.5859022953188,3.0,1.293039110751707,5.0,0.5489918859109907,0.5858433734939759,3.0,2.0,5.0,498.7129018136379,249.35645090681896,873.297982386941,291.0993274623137,0.5637324809441847
1050.161046743396,273.9565399933659,2.0,1.108990361507489,3.0,0.510204081632653,0.8999999999999999,1.0,2.0,0.0,821.8696199800977,273.9565399933659,1696.8219777902366,282.80366296503945,0.6661224489795918
1050.161046743396,273.9565399933659,2.0,1.108990361507489,0.0,0.9183673469387754,0.675,2.0,2.0,0.0,821.8696199800977,273.9565399933659,1696.8219777902366,282.80366296503945,0.8210204081632653
1050.161046743396,273.9565399933659,2.0,1.108990361507489,2.0,0.5510204081632653,0.55,2.0,2.0,0.0,821.8696199800977,273.9565399933659,1696.8219777902366,282.80366296503945,0.5506122448979591
1050.161046743396,273.9565399933659,2.0,1.108990361507489,4.0,0.5510204081632653,0.125,1.0,2.0,0.0,273.9565399933659,273.9565399933659,273.9565399933659,273.9565399933659,0.3806122448979591
1050.161046743396,273.9565399933659,2.0,1.108990361507489,4.0,0.9387755102040816,0.2249999999999999,1.0,2.0,0.0,1479.2506185350549,246.54176975584247,821.8696199800977,273.9565399933659,0.6532653061224489
1050.161046743396,273.9565399933659,2.0,1.108990361507489,0.0,0.2448979591836733,0.8500000000000001,2.0,2.0,0.0,1479.2506185350549,246.54176975584247,821.8696199800977,273.9565399933659,0.486938775510204
1050.161046743396,273.9565399933659,2.0,1.108990361507489,4.0,0.4693877551020406,0.8,2.0,2.0,0.0,1479.2506185350549,246.54176975584247,821.8696199800977,273.9565399933659,0.6016326530612244
1052.5845827838184,426.7445910052904,3.0,4.786523769165915,2.0,0.7959183673469385,0.75,0.0,2.0,2.0,856.0905513923911,428.0452756961956,967.6127357943164,322.5375785981055,0.7775510204081632
1053.2979160434763,333.477271905668,3.0,3.2887541603822275,1.0,0.204081632653061,0.825,2.0,2.0,3.0,664.4726641066312,332.2363320533156,1047.6301683678605,261.90754209196507,0.4524489795918366
1054.8794136536037,493.8018085682136,0.0,2.617170781778847,3.0,0.510204081632653,0.525,1.0,2.0,4.0,2199.727502652669,366.6212504421116,987.6036171364271,493.8018085682136,0.5161224489795918
1054.8794136536037,493.8018085682136,0.0,2.617170781778847,0.0,0.9795918367346936,0.825,0.0,2.0,4.0,2199.727502652669,366.6212504421116,987.6036171364271,493.8018085682136,0.917755102040816
1054.8794136536037,493.8018085682136,0.0,2.617170781778847,5.0,0.5489918859109907,0.5858433734939759,3.0,2.0,4.0,604.07382215403,302.036911077015,493.8018085682136,493.8018085682136,0.5637324809441847
1054.8794136536037,493.8018085682136,0.0,2.617170781778847,4.0,0.3265306122448979,0.275,2.0,2.0,4.0,604.07382215403,302.036911077015,493.8018085682136,493.8018085682136,0.3059183673469387
1055.2623878895329,171.11043924914748,3.0,3.5897654459864112,3.0,0.0,0.65,2.0,2.0,5.0,171.11043924914748,171.11043924914748,356.15787010878364,178.07893505439182,0.26
1055.2623878895329,171.11043924914748,3.0,3.5897654459864112,3.0,0.8163265306122447,0.6,1.0,2.0,5.0,684.4417569965899,171.11043924914748,684.4417569965899,171.11043924914748,0.7297959183673468
1055.2623878895329,171.11043924914748,3.0,3.5897654459864112,0.0,0.5714285714285712,0.35,2.0,2.0,5.0,684.4417569965899,171.11043924914748,684.4417569965899,171.11043924914748,0.4828571428571426
1055.2623878895329,171.11043924914748,3.0,3.5897654459864112,3.0,0.183673469387755,0.65,2.0,2.0,5.0,684.4417569965899,171.11043924914748,684.4417569965899,171.11043924914748,0.370204081632653
1055.2623878895329,171.11043924914748,3.0,3.5897654459864112,3.0,0.0,0.125,0.0,2.0,5.0,684.4417569965899,171.11043924914748,684.4417569965899,171.11043924914748,0.05
1055.2623878895329,171.11043924914748,3.0,3.5897654459864112,5.0,0.5489918859109907,0.5858433734939759,3.0,2.0,5.0,171.11043924914748,171.11043924914748,171.11043924914748,171.11043924914748,0.5637324809441847
1057.544144106011,281.5537717150896,3.0,3.213881724417498,3.0,0.2653061224489794,0.825,0.0,2.0,0.0,563.1075434301792,281.5537717150896,563.1075434301792,281.5537717150896,0.4891836734693877
1057.544144106011,281.5537717150896,3.0,3.213881724417498,0.0,0.5714285714285712,0.725,0.0,2.0,0.0,563.1075434301792,281.5537717150896,563.1075434301792,281.5537717150896,0.6328571428571427
1057.215523317951,307.07208418466365,1.0,4.80814438268556,0.0,0.9183673469387754,0.7749999999999999,2.0,2.0,1.0,1229.8904388273422,307.4726097068356,1229.8904388273422,307.4726097068356,0.8610204081632653
1057.215523317951,307.07208418466365,1.0,4.80814438268556,1.0,0.6326530612244896,0.8,2.0,2.0,1.0,1229.8904388273422,307.4726097068356,1229.8904388273422,307.4726097068356,0.6995918367346938
1057.215523317951,307.07208418466365,1.0,4.80814438268556,4.0,0.857142857142857,0.35,1.0,2.0,1.0,709.0910436925906,236.36368123086356,614.9452194136711,307.4726097068356,0.6542857142857141
1059.945715774291,246.91406782463872,2.0,4.795724044999361,3.0,0.8163265306122447,0.7749999999999999,2.0,2.0,3.0,493.82813564927744,246.91406782463872,493.82813564927744,246.91406782463872,0.7997959183673469
1059.945715774291,246.91406782463872,2.0,4.795724044999361,3.0,0.4489795918367345,1.0,2.0,2.0,3.0,493.82813564927744,246.91406782463872,493.82813564927744,246.91406782463872,0.6693877551020407
1059.945715774291,246.91406782463872,2.0,4.795724044999361,1.0,0.9795918367346936,0.7749999999999999,0.0,2.0,3.0,246.91406782463872,246.91406782463872,246.91406782463872,246.91406782463872,0.8977551020408161
1060.486200299285,460.002601801852,4.0,4.597377833058235,0.0,0.7551020408163263,0.95,0.0,3.0,4.0,1442.7586217610813,480.9195405870271,740.4254366113458,370.2127183056729,0.8330612244897957
1060.486200299285,460.002601801852,4.0,4.597377833058235,2.0,0.0204081632653059,0.95,1.0,3.0,4.0,1717.2697537404626,429.31743843511566,1185.106295693467,395.0354318978223,0.3922448979591835
1062.5263605045875,185.04743085963617,2.0,1.7931255235146095,5.0,0.5489918859109907,0.5858433734939759,3.0,3.0,5.0,344.8334363330903,172.41671816654514,185.04743085963617,185.04743085963617,0.5637324809441847
1062.5263605045875,185.04743085963617,2.0,1.7931255235146095,0.0,0.4081632653061222,0.575,0.0,3.0,5.0,185.04743085963617,185.04743085963617,185.04743085963617,185.04743085963617,0.4748979591836733
1062.5263605045875,185.04743085963617,2.0,1.7931255235146095,3.0,0.0,0.65,2.0,3.0,5.0,671.5258482391662,335.7629241195831,356.15787010878364,178.07893505439182,0.26
1062.8256110153966,366.2266310869822,0.0,1.321291844997268,2.0,0.9795918367346936,0.7,1.0,3.0,6.0,732.4532621739644,366.2266310869822,732.4532621739644,366.2266310869822,0.8677551020408161
1062.8256110153966,366.2266310869822,0.0,1.321291844997268,2.0,0.5714285714285712,0.725,1.0,3.0,6.0,732.4532621739644,366.2266310869822,732.4532621739644,366.2266310869822,0.6328571428571427
1064.779929069933,274.5111319793815,0.0,1.1027361254036792,2.0,0.0204081632653059,0.95,1.0,3.0,1.0,1717.2697537404626,429.31743843511566,274.5111319793815,274.5111319793815,0.3922448979591835
1064.779929069933,274.5111319793815,0.0,1.1027361254036792,2.0,0.4897959183673468,0.625,2.0,3.0,1.0,549.022263958763,274.5111319793815,549.022263958763,274.5111319793815,0.5438775510204081
1064.779929069933,274.5111319793815,0.0,1.1027361254036792,3.0,0.9183673469387754,0.55,1.0,3.0,1.0,549.022263958763,274.5111319793815,549.022263958763,274.5111319793815,0.7710204081632652
1066.0783097515812,354.3026666815141,3.0,1.4090919026530808,1.0,0.7142857142857142,0.725,0.0,3.0,2.0,1238.8419012333457,309.7104753083364,1599.3617482798113,399.8404370699528,0.7185714285714284
1066.0783097515812,354.3026666815141,3.0,1.4090919026530808,0.0,0.9999999999999998,0.8,0.0,3.0,2.0,587.1801635576662,293.5900817788331,354.3026666815141,354.3026666815141,0.92
1066.0783097515812,354.3026666815141,3.0,1.4090919026530808,0.0,0.9795918367346936,0.425,1.0,3.0,2.0,1174.3603271153324,293.5900817788331,708.6053333630282,354.3026666815141,0.7577551020408162
1066.0783097515812,354.3026666815141,3.0,1.4090919026530808,1.0,0.0,0.0,2.0,3.0,2.0,1174.3603271153324,293.5900817788331,708.6053333630282,354.3026666815141,0.0
1066.0140723882955,283.6135439402908,4.0,3.694803736968304,0.0,0.6734693877551019,0.0999999999999999,2.0,3.0,3.0,850.8406318208724,283.6135439402908,850.8406318208724,283.6135439402908,0.4440816326530611
1066.0140723882955,283.6135439402908,4.0,3.694803736968304,1.0,0.1224489795918366,0.5,2.0,3.0,3.0,850.8406318208724,283.6135439402908,850.8406318208724,283.6135439402908,0.273469387755102
1066.0140723882955,283.6135439402908,4.0,3.694803736968304,1.0,0.857142857142857,0.65,2.0,3.0,3.0,850.8406318208724,283.6135439402908,850.8406318208724,283.6135439402908,0.7742857142857141
1068.8622618772142,221.60150035538808,3.0,1.2756481879934216,3.0,0.1224489795918366,0.4,2.0,3.0,4.0,664.8045010661642,221.60150035538808,664.8045010661642,221.60150035538808,0.233469387755102
1068.8622618772142,221.60150035538808,3.0,1.2756481879934216,2.0,0.4693877551020406,0.25,1.0,3.0,4.0,664.8045010661642,221.60150035538808,664.8045010661642,221.60150035538808,0.3816326530612244
1068.8622618772142,221.60150035538808,3.0,1.2756481879934216,1.0,0.7959183673469385,0.475,1.0,3.0,4.0,664.8045010661642,221.60150035538808,664.8045010661642,221.60150035538808,0.6675510204081632
1068.8622618772142,221.60150035538808,3.0,1.2756481879934216,2.0,0.1428571428571428,0.2,2.0,3.0,4.0,221.60150035538808,221.60150035538808,221.60150035538808,221.60150035538808,0.1657142857142857
1068.9492769430135,199.15142359284943,2.0,2.3087332451079794,1.0,0.9795918367346936,0.7749999999999999,0.0,3.0,5.0,199.15142359284943,199.15142359284943,1117.0956219743384,279.2739054935846,0.8977551020408161
1068.9492769430135,199.15142359284943,2.0,2.3087332451079794,0.0,0.9183673469387754,0.475,1.0,3.0,5.0,398.30284718569885,199.15142359284943,2985.279871809568,298.5279871809568,0.7410204081632652
1068.9492769430135,199.15142359284943,2.0,2.3087332451079794,3.0,0.2857142857142856,0.7,2.0,3.0,5.0,398.30284718569885,199.15142359284943,2985.279871809568,298.5279871809568,0.4514285714285713
1069.277555538352,364.9272570385043,2.0,2.21129827298877,4.0,0.0816326530612243,0.875,1.0,3.0,6.0,364.9272570385043,364.9272570385043,364.9272570385043,364.9272570385043,0.3989795918367346
1071.8311946697556,209.50488250249708,4.0,4.281048855251039,2.0,0.7959183673469385,0.75,0.0,3.0,1.0,374.30466396629,187.152331983145,437.6860262999306,218.8430131499653,0.7775510204081632
1073.596738644278,282.62044036617664,0.0,1.515966905023886,1.0,0.204081632653061,0.825,2.0,3.0,3.0,490.8630032980144,245.4315016490072,1047.6301683678605,261.90754209196507,0.4524489795918366
1077.8219043432653,490.43459975774726,0.0,3.9019792689123647,0.0,0.7551020408163263,0.95,0.0,3.0,0.0,1442.7586217610813,480.9195405870271,1475.155020585356,491.7183401951186,0.8330612244897957
1077.8219043432653,490.43459975774726,0.0,3.9019792689123647,2.0,0.0204081632653059,0.95,1.0,3.0,0.0,1717.2697537404626,429.31743843511566,982.7560199592292,491.3780099796146,0.3922448979591835
1078.7763069450148,102.46608812111184,0.0,4.216808746706912,3.0,0.510204081632653,0.525,1.0,3.0,1.0,204.93217624222368,102.46608812111184,1196.5120345868334,299.12800864670834,0.5161224489795918
1078.7763069450148,102.46608812111184,0.0,4.216808746706912,0.0,0.9795918367346936,0.825,0.0,3.0,1.0,204.93217624222368,102.46608812111184,1196.5120345868334,299.12800864670834,0.917755102040816
1078.7763069450148,102.46608812111184,0.0,4.216808746706912,5.0,0.5489918859109907,0.5858433734939759,3.0,3.0,1.0,333.38737571690854,111.12912523896952,1529.4640114269846,305.8928022853969,0.5637324809441847
1079.949014345919,318.8330596192741,2.0,2.11588915946331,5.0,0.5489918859109907,0.5858433734939759,3.0,3.0,2.0,318.8330596192741,318.8330596192741,623.579353191029,311.7896765955145,0.5637324809441847
1079.949014345919,318.8330596192741,2.0,2.11588915946331,2.0,0.4897959183673468,0.975,2.0,3.0,2.0,1435.8571952781845,239.30953254636407,956.4991788578222,318.8330596192741,0.6838775510204081
1079.949014345919,318.8330596192741,2.0,2.11588915946331,2.0,0.0612244897959182,0.125,1.0,3.0,2.0,1435.8571952781845,239.30953254636407,956.4991788578222,318.8330596192741,0.0867346938775509
1079.949014345919,318.8330596192741,2.0,2.11588915946331,3.0,0.3673469387755101,0.625,0.0,3.0,2.0,1435.8571952781845,239.30953254636407,956.4991788578222,318.8330596192741,0.4704081632653061
1079.949014345919,318.8330596192741,2.0,2.11588915946331,3.0,0.8163265306122447,0.6,1.0,3.0,2.0,3221.2459079952164,402.6557384994021,3221.2459079952164,402.6557384994021,0.7297959183673468
1079.949014345919,318.8330596192741,2.0,2.11588915946331,0.0,0.5714285714285712,0.35,2.0,3.0,2.0,3221.2459079952164,402.6557384994021,3221.2459079952164,402.6557384994021,0.4828571428571426
1079.949014345919,318.8330596192741,2.0,2.11588915946331,3.0,0.183673469387755,0.65,2.0,3.0,2.0,3221.2459079952164,402.6557384994021,3221.2459079952164,402.6557384994021,0.370204081632653
1079.949014345919,318.8330596192741,2.0,2.11588915946331,3.0,0.0,0.125,0.0,3.0,2.0,3221.2459079952164,402.6557384994021,3221.2459079952164,402.6557384994021,0.05
1081.3846458291416,343.3008437451118,0.0,3.709720788095513,3.0,0.2653061224489794,0.825,0.0,3.0,3.0,686.6016874902236,343.3008437451118,686.6016874902236,343.3008437451118,0.4891836734693877
1081.3846458291416,343.3008437451118,0.0,3.709720788095513,0.0,0.5714285714285712,0.725,0.0,3.0,3.0,686.6016874902236,343.3008437451118,686.6016874902236,343.3008437451118,0.6328571428571427
1085.0119029952746,148.63265749175025,4.0,2.7005394355852093,0.0,0.5306122448979591,0.725,0.0,3.0,0.0,148.63265749175025,148.63265749175025,148.63265749175025,148.63265749175025,0.6083673469387754
1087.0260934575886,159.7860054734541,0.0,2.498287653828008,2.0,0.4897959183673468,0.975,2.0,3.0,1.0,1435.8571952781845,239.30953254636407,479.35801642036233,159.7860054734541,0.6838775510204081
1087.0260934575886,159.7860054734541,0.0,2.498287653828008,2.0,0.0612244897959182,0.125,1.0,3.0,1.0,1435.8571952781845,239.30953254636407,479.35801642036233,159.7860054734541,0.0867346938775509
1087.0260934575886,159.7860054734541,0.0,2.498287653828008,3.0,0.3673469387755101,0.625,0.0,3.0,1.0,1435.8571952781845,239.30953254636407,479.35801642036233,159.7860054734541,0.4704081632653061
1087.0260934575886,159.7860054734541,0.0,2.498287653828008,5.0,0.5489918859109907,0.5858433734939759,3.0,3.0,1.0,344.8334363330903,172.41671816654514,314.38644085604227,104.79548028534742,0.5637324809441847
1087.0260934575886,159.7860054734541,0.0,2.498287653828008,4.0,0.5714285714285712,0.025,0.0,3.0,1.0,798.9300273672706,159.7860054734541,3122.655795651832,312.26557956518315,0.3528571428571427
1087.0260934575886,159.7860054734541,0.0,2.498287653828008,2.0,0.7959183673469385,0.35,1.0,3.0,1.0,798.9300273672706,159.7860054734541,3122.655795651832,312.26557956518315,0.6175510204081631
1087.0260934575886,159.7860054734541,0.0,2.498287653828008,1.0,0.6326530612244896,0.8999999999999999,1.0,3.0,1.0,798.9300273672706,159.7860054734541,3122.655795651832,312.26557956518315,0.7395918367346938
1087.0260934575886,159.7860054734541,0.0,2.498287653828008,3.0,0.6734693877551019,0.0499999999999999,0.0,3.0,1.0,798.9300273672706,159.7860054734541,3122.655795651832,312.26557956518315,0.4240816326530611
1087.4609110199074,489.98514877692674,0.0,4.105850788592591,1.0,0.7142857142857142,0.725,0.0,3.0,2.0,1238.8419012333457,309.7104753083364,1599.3617482798113,399.8404370699528,0.7185714285714284
1087.6304904606798,128.45519947468486,2.0,2.397460799904396,5.0,0.5489918859109907,0.5858433734939759,3.0,3.0,3.0,333.38737571690854,111.12912523896952,817.4019231923004,272.4673077307668,0.5637324809441847
1089.0599224350378,232.8774968761521,3.0,3.195189665422612,1.0,0.7142857142857142,0.725,0.0,3.0,4.0,1238.8419012333457,309.7104753083364,388.9706420921916,194.4853210460958,0.7185714285714284
1089.0599224350378,232.8774968761521,3.0,3.195189665422612,0.0,0.9999999999999998,0.8,0.0,3.0,4.0,587.1801635576662,293.5900817788331,388.9706420921916,194.4853210460958,0.92
1089.0599224350378,232.8774968761521,3.0,3.195189665422612,0.0,0.9795918367346936,0.425,1.0,3.0,4.0,1174.3603271153324,293.5900817788331,777.9412841843832,194.4853210460958,0.7577551020408162
1089.0599224350378,232.8774968761521,3.0,3.195189665422612,1.0,0.0,0.0,2.0,3.0,4.0,1174.3603271153324,293.5900817788331,777.9412841843832,194.4853210460958,0.0
1089.788272136971,161.67658889875284,1.0,4.417677015234825,1.0,0.7142857142857142,0.725,0.0,3.0,5.0,1238.8419012333457,309.7104753083364,161.67658889875284,161.67658889875284,0.7185714285714284
1091.060681132174,51.13672055117231,2.0,2.7105548889998494,4.0,0.3265306122448979,0.275,2.0,3.0,6.0,51.13672055117231,51.13672055117231,161.40873413698876,80.70436706849438,0.3059183673469387
1092.25414573035,179.72381311073897,1.0,4.011623597952771,3.0,0.8163265306122447,0.7749999999999999,2.0,4.0,0.0,359.44762622147795,179.72381311073897,359.44762622147795,179.72381311073897,0.7997959183673469
1092.25414573035,179.72381311073897,1.0,4.011623597952771,3.0,0.4489795918367345,1.0,2.0,4.0,0.0,359.44762622147795,179.72381311073897,359.44762622147795,179.72381311073897,0.6693877551020407
1092.25414573035,179.72381311073897,1.0,4.011623597952771,0.0,0.9183673469387754,0.475,1.0,4.0,0.0,2195.336022984456,274.417002873057,359.44762622147795,179.72381311073897,0.7410204081632652
1092.25414573035,179.72381311073897,1.0,4.011623597952771,3.0,0.2857142857142856,0.7,2.0,4.0,0.0,2195.336022984456,274.417002873057,359.44762622147795,179.72381311073897,0.4514285714285713
1095.0539850683783,392.6239688710824,1.0,4.6120130721112815,3.0,0.510204081632653,0.8999999999999999,1.0,4.0,3.0,4334.956887308071,361.2464072756725,5992.435645241358,399.4957096827572,0.6661224489795918
1095.0539850683783,392.6239688710824,1.0,4.6120130721112815,0.0,0.9183673469387754,0.675,2.0,4.0,3.0,4334.956887308071,361.2464072756725,5992.435645241358,399.4957096827572,0.8210204081632653
1095.0539850683783,392.6239688710824,1.0,4.6120130721112815,2.0,0.5510204081632653,0.55,2.0,4.0,3.0,4334.956887308071,361.2464072756725,5992.435645241358,399.4957096827572,0.5506122448979591
1095.0539850683783,392.6239688710824,1.0,4.6120130721112815,4.0,0.5510204081632653,0.125,1.0,4.0,3.0,392.6239688710824,392.6239688710824,392.6239688710824,392.6239688710824,0.3806122448979591
1095.0539850683783,392.6239688710824,1.0,4.6120130721112815,4.0,0.9387755102040816,0.2249999999999999,1.0,4.0,3.0,1177.8719066132471,392.6239688710824,1177.8719066132471,392.6239688710824,0.6532653061224489
1095.0539850683783,392.6239688710824,1.0,4.6120130721112815,0.0,0.2448979591836733,0.8500000000000001,2.0,4.0,3.0,1177.8719066132471,392.6239688710824,1177.8719066132471,392.6239688710824,0.486938775510204
1095.0539850683783,392.6239688710824,1.0,4.6120130721112815,4.0,0.4693877551020406,0.8,2.0,4.0,3.0,1177.8719066132471,392.6239688710824,1177.8719066132471,392.6239688710824,0.6016326530612244
1096.749591534561,271.55148713492554,3.0,4.293081295641554,2.0,0.2653061224489794,0.575,2.0,4.0,5.0,1088.905541708752,272.226385427188,1088.905541708752,272.226385427188,0.3891836734693876
1096.749591534561,271.55148713492554,3.0,4.293081295641554,0.0,0.7551020408163263,0.95,0.0,4.0,5.0,811.7858411671509,270.5952803890503,811.7858411671509,270.5952803890503,0.8330612244897957
1098.94685323218,435.2237393623492,1.0,1.409997275244306,2.0,0.7551020408163263,0.5,2.0,4.0,6.0,435.2237393623492,435.2237393623492,824.103394020198,412.051697010099,0.6530612244897958
1098.94685323218,435.2237393623492,1.0,1.409997275244306,2.0,0.4897959183673468,0.625,2.0,4.0,6.0,1714.974573567198,428.7436433917995,2213.430503380321,368.9050838967202,0.5438775510204081
1098.94685323218,435.2237393623492,1.0,1.409997275244306,3.0,0.9183673469387754,0.55,1.0,4.0,6.0,1714.974573567198,428.7436433917995,2213.430503380321,368.9050838967202,0.7710204081632652
1098.866242327006,449.7757546348634,1.0,4.589018118099874,0.0,0.9183673469387754,0.7749999999999999,2.0,4.0,0.0,899.5515092697268,449.7757546348634,899.5515092697268,449.7757546348634,0.8610204081632653
1098.866242327006,449.7757546348634,1.0,4.589018118099874,1.0,0.6326530612244896,0.8,2.0,4.0,0.0,899.5515092697268,449.7757546348634,899.5515092697268,449.7757546348634,0.6995918367346938
1098.866242327006,449.7757546348634,1.0,4.589018118099874,4.0,0.857142857142857,0.35,1.0,4.0,0.0,449.7757546348634,449.7757546348634,449.7757546348634,449.7757546348634,0.6542857142857141
1101.4437410026333,179.0724738658319,2.0,3.2596014528081194,1.0,0.8163265306122447,0.7,1.0,4.0,2.0,1074.4348431949916,179.07247386583194,1074.4348431949916,179.07247386583194,0.7697959183673468
1101.4437410026333,179.0724738658319,2.0,3.2596014528081194,1.0,0.4897959183673468,0.825,1.0,4.0,2.0,1074.4348431949916,179.07247386583194,1074.4348431949916,179.07247386583194,0.6238775510204081
1101.4437410026333,179.0724738658319,2.0,3.2596014528081194,3.0,0.1224489795918366,0.125,1.0,4.0,2.0,1074.4348431949916,179.07247386583194,1074.4348431949916,179.07247386583194,0.123469387755102
1102.0725913346057,100.53706389505236,2.0,4.612958196731017,1.0,0.204081632653061,0.825,2.0,4.0,3.0,100.53706389505236,100.53706389505236,1047.6301683678605,261.90754209196507,0.4524489795918366
1102.8500079650894,221.5939957928921,2.0,1.3917874348101922,5.0,0.5489918859109907,0.5858433734939759,3.0,4.0,4.0,221.5939957928921,221.5939957928921,342.77846908324875,114.25948969441625,0.5637324809441847
1102.8500079650894,221.5939957928921,2.0,1.3917874348101922,0.0,0.4081632653061222,0.575,0.0,4.0,4.0,221.5939957928921,221.5939957928921,342.77846908324875,114.25948969441625,0.4748979591836733
1102.8500079650894,221.5939957928921,2.0,1.3917874348101922,3.0,0.0,0.65,2.0,4.0,4.0,221.5939957928921,221.5939957928921,342.77846908324875,114.25948969441625,0.26
1103.098829977625,267.333070312775,3.0,2.299172974758691,5.0,0.5489918859109907,0.5858433734939759,3.0,4.0,5.0,267.333070312775,267.333070312775,267.333070312775,267.333070312775,0.5637324809441847
1103.098829977625,267.333070312775,3.0,2.299172974758691,0.0,0.7551020408163263,0.95,0.0,4.0,5.0,811.7858411671509,270.5952803890503,811.7858411671509,270.5952803890503,0.8330612244897957
1103.098829977625,267.333070312775,3.0,2.299172974758691,2.0,0.9795918367346936,0.7,1.0,4.0,5.0,1509.8753779742638,377.46884449356594,534.66614062555,267.333070312775,0.8677551020408161
1103.098829977625,267.333070312775,3.0,2.299172974758691,2.0,0.5714285714285712,0.725,1.0,4.0,5.0,1509.8753779742638,377.46884449356594,534.66614062555,267.333070312775,0.6328571428571427
1105.2712820453708,209.9425216510165,0.0,4.814377775378519,4.0,0.4081632653061222,0.075,2.0,4.0,6.0,627.2395652499763,209.07985508332544,627.2395652499763,209.07985508332544,0.2748979591836733
1105.5312539236447,244.9937368348528,1.0,4.780124768254843,5.0,0.5489918859109907,0.5858433734939759,3.0,4.0,0.0,1297.355397066461,324.3388492666152,536.6445227715658,268.3222613857829,0.5637324809441847
1106.6924236480486,464.7451536569122,1.0,3.32268596458139,4.0,0.5714285714285712,0.025,0.0,4.0,1.0,2323.725768284561,464.7451536569122,3122.655795651832,312.26557956518315,0.3528571428571427
1106.6924236480486,464.7451536569122,1.0,3.32268596458139,2.0,0.7959183673469385,0.35,1.0,4.0,1.0,2323.725768284561,464.7451536569122,3122.655795651832,312.26557956518315,0.6175510204081631
1106.6924236480486,464.7451536569122,1.0,3.32268596458139,1.0,0.6326530612244896,0.8999999999999999,1.0,4.0,1.0,2323.725768284561,464.7451536569122,3122.655795651832,312.26557956518315,0.7395918367346938
1106.6924236480486,464.7451536569122,1.0,3.32268596458139,3.0,0.6734693877551019,0.0499999999999999,0.0,4.0,1.0,2323.725768284561,464.7451536569122,3122.655795651832,312.26557956518315,0.4240816326530611
1106.6924236480486,464.7451536569122,1.0,3.32268596458139,3.0,0.0612244897959182,0.75,1.0,4.0,1.0,929.4903073138244,464.7451536569122,929.4903073138244,464.7451536569122,0.3367346938775509
1106.6924236480486,464.7451536569122,1.0,3.32268596458139,3.0,0.9387755102040816,0.55,1.0,4.0,1.0,929.4903073138244,464.7451536569122,929.4903073138244,464.7451536569122,0.783265306122449
1108.3523876589618,296.3986529620448,3.0,3.499352073752856,5.0,0.5489918859109907,0.5858433734939759,3.0,4.0,2.0,296.3986529620448,296.3986529620448,741.4558521441912,370.7279260720956,0.5637324809441847
1109.0748852750007,373.5444865272583,1.0,2.773938331841992,3.0,0.510204081632653,0.8999999999999999,1.0,4.0,3.0,4334.956887308071,361.2464072756725,5992.435645241358,399.4957096827572,0.6661224489795918
1109.0748852750007,373.5444865272583,1.0,2.773938331841992,0.0,0.9183673469387754,0.675,2.0,4.0,3.0,4334.956887308071,361.2464072756725,5992.435645241358,399.4957096827572,0.8210204081632653
1109.0748852750007,373.5444865272583,1.0,2.773938331841992,2.0,0.5510204081632653,0.55,2.0,4.0,3.0,4334.956887308071,361.2464072756725,5992.435645241358,399.4957096827572,0.5506122448979591
1109.0748852750007,373.5444865272583,1.0,2.773938331841992,5.0,0.5489918859109907,0.5858433734939759,3.0,4.0,3.0,1297.355397066461,324.3388492666152,1604.8545795427035,401.2136448856759,0.5637324809441847
1109.2710982008164,487.60461867435686,2.0,1.3932179473877913,2.0,0.9795918367346936,0.7,1.0,4.0,4.0,1509.8753779742638,377.46884449356594,975.2092373487136,487.60461867435686,0.8677551020408161
1109.2710982008164,487.60461867435686,2.0,1.3932179473877913,2.0,0.5714285714285712,0.725,1.0,4.0,4.0,1509.8753779742638,377.46884449356594,975.2092373487136,487.60461867435686,0.6328571428571427
1112.1146890261882,231.774423685541,4.0,3.6902712729280487,3.0,0.1224489795918366,0.4,2.0,4.0,6.0,695.323271056623,231.774423685541,695.323271056623,231.774423685541,0.233469387755102
1112.1146890261882,231.774423685541,4.0,3.6902712729280487,2.0,0.4693877551020406,0.25,1.0,4.0,6.0,695.323271056623,231.774423685541,695.323271056623,231.774423685541,0.3816326530612244
1112.1146890261882,231.774423685541,4.0,3.6902712729280487,1.0,0.7959183673469385,0.475,1.0,4.0,6.0,695.323271056623,231.774423685541,695.323271056623,231.774423685541,0.6675510204081632
1114.481824250796,304.74629357175496,4.0,4.181029211279621,3.0,0.510204081632653,0.8999999999999999,1.0,4.0,2.0,4334.956887308071,361.2464072756725,914.2388807152648,304.74629357175496,0.6661224489795918
1114.481824250796,304.74629357175496,4.0,4.181029211279621,0.0,0.9183673469387754,0.675,2.0,4.0,2.0,4334.956887308071,361.2464072756725,914.2388807152648,304.74629357175496,0.8210204081632653
1114.481824250796,304.74629357175496,4.0,4.181029211279621,2.0,0.5510204081632653,0.55,2.0,4.0,2.0,4334.956887308071,361.2464072756725,914.2388807152648,304.74629357175496,0.5506122448979591
1114.481824250796,304.74629357175496,4.0,4.181029211279621,5.0,0.5489918859109907,0.5858433734939759,3.0,4.0,2.0,1297.355397066461,324.3388492666152,623.579353191029,311.7896765955145,0.5637324809441847
1116.1058379236092,344.4733618588078,0.0,1.3806771189108342,3.0,0.510204081632653,0.525,1.0,4.0,3.0,688.9467237176156,344.4733618588078,688.9467237176156,344.4733618588078,0.5161224489795918
1116.1058379236092,344.4733618588078,0.0,1.3806771189108342,0.0,0.9795918367346936,0.825,0.0,4.0,3.0,688.9467237176156,344.4733618588078,688.9467237176156,344.4733618588078,0.917755102040816
1116.1058379236092,344.4733618588078,0.0,1.3806771189108342,5.0,0.5489918859109907,0.5858433734939759,3.0,4.0,3.0,688.9467237176156,344.4733618588078,817.4019231923004,272.4673077307668,0.5637324809441847
1116.3251345253805,328.88651968835654,4.0,2.997593229256529,2.0,0.0204081632653059,0.95,1.0,4.0,4.0,751.1500671096063,375.5750335548032,1185.106295693467,395.0354318978223,0.3922448979591835
1116.3251345253805,328.88651968835654,4.0,2.997593229256529,0.0,0.857142857142857,0.275,2.0,4.0,4.0,328.88651968835654,328.88651968835654,328.88651968835654,328.88651968835654,0.6242857142857141
1118.849739855559,373.554095227513,2.0,1.1900621506361924,1.0,0.9795918367346936,0.7749999999999999,0.0,4.0,5.0,917.9441983814892,305.98139946049633,1117.0956219743384,279.2739054935846,0.8977551020408161
1118.849739855559,373.554095227513,2.0,1.1900621506361924,0.0,0.9183673469387754,0.475,1.0,4.0,5.0,2195.336022984456,274.417002873057,2985.279871809568,298.5279871809568,0.7410204081632652
1118.849739855559,373.554095227513,2.0,1.1900621506361924,3.0,0.2857142857142856,0.7,2.0,4.0,5.0,2195.336022984456,274.417002873057,2985.279871809568,298.5279871809568,0.4514285714285713
1119.7138246211168,422.26354742124977,4.0,3.197980270479728,2.0,0.0204081632653059,0.95,1.0,4.0,6.0,751.1500671096063,375.5750335548032,671.4915123278115,335.7457561639057,0.3922448979591835
1119.7138246211168,422.26354742124977,4.0,3.197980270479728,2.0,0.4897959183673468,0.625,2.0,4.0,6.0,1714.974573567198,428.7436433917995,2213.430503380321,368.9050838967202,0.5438775510204081
1119.7138246211168,422.26354742124977,4.0,3.197980270479728,3.0,0.9183673469387754,0.55,1.0,4.0,6.0,1714.974573567198,428.7436433917995,2213.430503380321,368.9050838967202,0.7710204081632652
1120.8279517580322,246.62590408756023,4.0,4.584946050514364,0.0,0.6734693877551019,0.0999999999999999,2.0,4.0,1.0,739.8777122626807,246.62590408756023,739.8777122626807,246.62590408756023,0.4440816326530611
1120.8279517580322,246.62590408756023,4.0,4.584946050514364,1.0,0.1224489795918366,0.5,2.0,4.0,1.0,739.8777122626807,246.62590408756023,739.8777122626807,246.62590408756023,0.273469387755102
1120.8279517580322,246.62590408756023,4.0,4.584946050514364,1.0,0.857142857142857,0.65,2.0,4.0,1.0,739.8777122626807,246.62590408756023,739.8777122626807,246.62590408756023,0.7742857142857141
1121.8100848587708,445.0571991821464,1.0,2.3883248232916263,5.0,0.5489918859109907,0.5858433734939759,3.0,5.0,2.0,802.5349887307833,401.26749436539166,741.4558521441912,370.7279260720956,0.5637324809441847
1121.8100848587708,445.0571991821464,1.0,2.3883248232916263,4.0,0.857142857142857,0.3249999999999999,1.0,5.0,2.0,890.1143983642928,445.0571991821464,890.1143983642928,445.0571991821464,0.6442857142857141
1121.8100848587708,445.0571991821464,1.0,2.3883248232916263,2.0,0.1428571428571428,0.475,1.0,5.0,2.0,890.1143983642928,445.0571991821464,890.1143983642928,445.0571991821464,0.2757142857142857
1121.8100848587708,445.0571991821464,1.0,2.3883248232916263,3.0,0.8163265306122447,0.7749999999999999,2.0,5.0,2.0,1239.6399190957886,309.9099797739472,890.1143983642928,445.0571991821464,0.7997959183673469
1121.8100848587708,445.0571991821464,1.0,2.3883248232916263,3.0,0.4489795918367345,1.0,2.0,5.0,2.0,1239.6399190957886,309.9099797739472,890.1143983642928,445.0571991821464,0.6693877551020407
1122.722907991797,291.5007589572354,1.0,1.5133757810912634,2.0,0.7959183673469385,0.75,0.0,5.0,3.0,291.5007589572354,291.5007589572354,291.5007589572354,291.5007589572354,0.7775510204081632
1123.7478674354193,191.25845514943907,3.0,1.5999835400988658,4.0,0.857142857142857,0.35,1.0,5.0,4.0,733.9023142202118,244.6341047400706,191.25845514943907,191.25845514943907,0.6542857142857141
1124.6463984860914,143.94687322517385,2.0,4.01424282699363,4.0,0.857142857142857,0.35,1.0,5.0,5.0,733.9023142202118,244.6341047400706,238.09269750409337,119.04634875204668,0.6542857142857141
1124.6463984860914,143.94687322517385,2.0,4.01424282699363,2.0,0.9591836734693876,0.8500000000000001,0.0,5.0,5.0,431.8406196755216,143.94687322517385,1618.144878678791,269.6908131131318,0.9155102040816324
1124.6463984860914,143.94687322517385,2.0,4.01424282699363,1.0,0.4285714285714284,0.375,1.0,5.0,5.0,431.8406196755216,143.94687322517385,1618.144878678791,269.6908131131318,0.407142857142857
1124.6463984860914,143.94687322517385,2.0,4.01424282699363,4.0,0.7959183673469385,0.075,0.0,5.0,5.0,431.8406196755216,143.94687322517385,1618.144878678791,269.6908131131318,0.5075510204081631
1124.6463984860914,143.94687322517385,2.0,4.01424282699363,2.0,0.0,0.975,1.0,5.0,5.0,1875.3571126951724,312.5595187825288,287.8937464503477,143.94687322517385,0.39
1124.6463984860914,143.94687322517385,2.0,4.01424282699363,1.0,0.040816326530612,0.65,1.0,5.0,5.0,1875.3571126951724,312.5595187825288,287.8937464503477,143.94687322517385,0.2844897959183672
1126.2433872508784,249.22796490656168,1.0,3.5004139532163565,2.0,0.0204081632653059,0.95,1.0,5.0,6.0,249.22796490656168,249.22796490656168,671.4915123278115,335.7457561639057,0.3922448979591835
1126.2433872508784,249.22796490656168,1.0,3.5004139532163565,2.0,0.4897959183673468,0.625,2.0,5.0,6.0,498.45592981312336,249.22796490656168,2213.430503380321,368.9050838967202,0.5438775510204081
1126.2433872508784,249.22796490656168,1.0,3.5004139532163565,3.0,0.9183673469387754,0.55,1.0,5.0,6.0,498.45592981312336,249.22796490656168,2213.430503380321,368.9050838967202,0.7710204081632652
1128.4166348518688,374.3765448248471,1.0,3.803747758261184,2.0,0.8775510204081631,0.625,1.0,5.0,2.0,1542.484772772107,385.6211931930266,748.7530896496942,374.3765448248471,0.7765306122448978
1128.4166348518688,374.3765448248471,1.0,3.803747758261184,3.0,0.9999999999999998,0.525,2.0,5.0,2.0,1542.484772772107,385.6211931930266,748.7530896496942,374.3765448248471,0.8099999999999998
1128.4166348518688,374.3765448248471,1.0,3.803747758261184,4.0,0.0,0.5,0.0,5.0,2.0,674.9598932014163,337.47994660070816,374.3765448248471,374.3765448248471,0.2
1130.457057671833,397.3992555341984,2.0,1.3357561590422733,5.0,0.5489918859109907,0.5858433734939759,3.0,5.0,3.0,706.0019064294572,353.0009532147286,459.3104907107895,229.65524535539475,0.5637324809441847
1130.457057671833,397.3992555341984,2.0,1.3357561590422733,2.0,0.5714285714285712,0.425,0.0,5.0,3.0,3530.0095321472863,353.0009532147286,2296.552453553947,229.6552453553947,0.5128571428571427
1130.457057671833,397.3992555341984,2.0,1.3357561590422733,3.0,0.9999999999999998,0.7749999999999999,1.0,5.0,3.0,3530.0095321472863,353.0009532147286,2296.552453553947,229.6552453553947,0.91
1130.457057671833,397.3992555341984,2.0,1.3357561590422733,0.0,0.8979591836734693,0.7,0.0,5.0,3.0,3530.0095321472863,353.0009532147286,2296.552453553947,229.6552453553947,0.8187755102040815
1130.457057671833,397.3992555341984,2.0,1.3357561590422733,4.0,0.183673469387755,0.7,1.0,5.0,3.0,3530.0095321472863,353.0009532147286,2296.552453553947,229.6552453553947,0.390204081632653
1130.920440546421,308.6026508952588,4.0,4.29539226359752,5.0,0.5489918859109907,0.5858433734939759,3.0,5.0,4.0,706.0019064294572,353.0009532147286,308.6026508952588,308.6026508952588,0.5637324809441847
1130.920440546421,308.6026508952588,4.0,4.29539226359752,2.0,0.5714285714285712,0.425,0.0,5.0,4.0,3530.0095321472863,353.0009532147286,1543.0132544762942,308.6026508952588,0.5128571428571427
1130.920440546421,308.6026508952588,4.0,4.29539226359752,3.0,0.9999999999999998,0.7749999999999999,1.0,5.0,4.0,3530.0095321472863,353.0009532147286,1543.0132544762942,308.6026508952588,0.91
1130.920440546421,308.6026508952588,4.0,4.29539226359752,0.0,0.8979591836734693,0.7,0.0,5.0,4.0,3530.0095321472863,353.0009532147286,1543.0132544762942,308.6026508952588,0.8187755102040815
1130.920440546421,308.6026508952588,4.0,4.29539226359752,4.0,0.183673469387755,0.7,1.0,5.0,4.0,3530.0095321472863,353.0009532147286,1543.0132544762942,308.6026508952588,0.390204081632653
1132.2339319198522,199.1732065651273,1.0,3.784392108643064,5.0,0.5489918859109907,0.5858433734939759,3.0,5.0,5.0,199.1732065651273,199.1732065651273,873.297982386941,291.0993274623137,0.5637324809441847
1132.0758832636884,300.7605148763133,3.0,1.2901283823081735,5.0,0.5489918859109907,0.5858433734939759,3.0,5.0,6.0,300.7605148763133,300.7605148763133,300.7605148763133,300.7605148763133,0.5637324809441847
1135.099832384683,469.86729935387865,0.0,4.89503769478097,3.0,0.510204081632653,0.8999999999999999,1.0,5.0,1.0,2826.155532310102,471.02592205168366,2826.155532310102,471.02592205168366,0.6661224489795918
1135.099832384683,469.86729935387865,0.0,4.89503769478097,0.0,0.9183673469387754,0.675,2.0,5.0,1.0,2826.155532310102,471.02592205168366,2826.155532310102,471.02592205168366,0.8210204081632653
1135.099832384683,469.86729935387865,0.0,4.89503769478097,2.0,0.5510204081632653,0.55,2.0,5.0,1.0,2826.155532310102,471.02592205168366,2826.155532310102,471.02592205168366,0.5506122448979591
1135.099832384683,469.86729935387865,0.0,4.89503769478097,5.0,0.5489918859109907,0.5858433734939759,3.0,5.0,1.0,942.0518441033672,471.02592205168366,942.0518441033672,471.02592205168366,0.5637324809441847
1135.6437707412756,452.2704236334967,2.0,2.492531910796526,4.0,0.0816326530612243,0.875,1.0,5.0,2.0,452.2704236334967,452.2704236334967,452.2704236334967,452.2704236334967,0.3989795918367346
1137.3827567341475,396.8658415612062,0.0,2.50386377658213,2.0,0.8775510204081631,0.625,1.0,5.0,3.0,1542.484772772107,385.6211931930266,793.7316831224124,396.8658415612062,0.7765306122448978
1137.3827567341475,396.8658415612062,0.0,2.50386377658213,3.0,0.9999999999999998,0.525,2.0,5.0,3.0,1542.484772772107,385.6211931930266,793.7316831224124,396.8658415612062,0.8099999999999998
1137.3827567341475,396.8658415612062,0.0,2.50386377658213,3.0,0.0612244897959182,0.75,1.0,5.0,3.0,793.7316831224124,396.8658415612062,793.7316831224124,396.8658415612062,0.3367346938775509
1137.3827567341475,396.8658415612062,0.0,2.50386377658213,3.0,0.9387755102040816,0.55,1.0,5.0,3.0,793.7316831224124,396.8658415612062,793.7316831224124,396.8658415612062,0.783265306122449
1137.3827567341475,396.8658415612062,0.0,2.50386377658213,2.0,0.7551020408163263,0.5,2.0,5.0,3.0,396.8658415612062,396.8658415612062,396.8658415612062,396.8658415612062,0.6530612244897958
1137.3827567341475,396.8658415612062,0.0,2.50386377658213,2.0,0.0,0.975,1.0,5.0,3.0,1875.3571126951724,312.5595187825288,1587.4633662448248,396.8658415612062,0.39
1137.3827567341475,396.8658415612062,0.0,2.50386377658213,1.0,0.040816326530612,0.65,1.0,5.0,3.0,1875.3571126951724,312.5595187825288,1587.4633662448248,396.8658415612062,0.2844897959183672
1139.459578928502,398.6969858455989,4.0,4.921035437366538,4.0,0.4489795918367345,0.2249999999999999,2.0,5.0,6.0,1196.0909575367966,398.6969858455989,1196.0909575367966,398.6969858455989,0.3593877551020407
1139.459578928502,398.6969858455989,4.0,4.921035437366538,4.0,0.4285714285714284,0.95,0.0,5.0,6.0,1196.0909575367966,398.6969858455989,1196.0909575367966,398.6969858455989,0.637142857142857
1139.459578928502,398.6969858455989,4.0,4.921035437366538,1.0,0.040816326530612,0.425,2.0,5.0,6.0,1196.0909575367966,398.6969858455989,1196.0909575367966,398.6969858455989,0.1944897959183673
1139.459578928502,398.6969858455989,4.0,4.921035437366538,4.0,0.857142857142857,0.35,1.0,5.0,6.0,733.9023142202118,244.6341047400706,398.6969858455989,398.6969858455989,0.6542857142857141
1141.855008768747,357.4777895486369,4.0,2.496402730802649,5.0,0.5489918859109907,0.5858433734939759,3.0,5.0,1.0,802.5349887307833,401.26749436539166,357.4777895486369,357.4777895486369,0.5637324809441847
1142.6123132581074,467.6049925467544,0.0,2.511620840980936,2.0,0.2653061224489794,0.575,2.0,5.0,2.0,768.1883409233236,384.0941704616618,467.6049925467544,467.6049925467544,0.3891836734693876
1142.6123132581074,467.6049925467544,0.0,2.511620840980936,2.0,0.7346938775510203,0.525,0.0,5.0,2.0,467.6049925467544,467.6049925467544,467.6049925467544,467.6049925467544,0.6508163265306122
1144.6072914920564,472.1983278816954,4.0,4.0735839863500525,4.0,0.3673469387755101,0.0,1.0,5.0,3.0,472.1983278816954,472.1983278816954,472.1983278816954,472.1983278816954,0.2204081632653061
1144.6072914920564,472.1983278816954,4.0,4.0735839863500525,5.0,0.5489918859109907,0.5858433734939759,3.0,5.0,3.0,472.1983278816954,472.1983278816954,472.1983278816954,472.1983278816954,0.5637324809441847
1145.2449196718503,174.76276036574788,3.0,3.189234763948371,3.0,0.8163265306122447,0.7749999999999999,2.0,5.0,4.0,1239.6399190957886,309.9099797739472,349.52552073149576,174.76276036574788,0.7997959183673469
1145.2449196718503,174.76276036574788,3.0,3.189234763948371,3.0,0.4489795918367345,1.0,2.0,5.0,4.0,1239.6399190957886,309.9099797739472,349.52552073149576,174.76276036574788,0.6693877551020407
1145.2449196718503,174.76276036574788,3.0,3.189234763948371,0.0,0.9183673469387754,0.475,1.0,5.0,4.0,349.52552073149576,174.76276036574788,349.52552073149576,174.76276036574788,0.7410204081632652
1145.2449196718503,174.76276036574788,3.0,3.189234763948371,3.0,0.2857142857142856,0.7,2.0,5.0,4.0,349.52552073149576,174.76276036574788,349.52552073149576,174.76276036574788,0.4514285714285713
1146.4895275796134,89.10238613052634,4.0,2.70210867858815,4.0,0.5714285714285712,0.025,0.0,5.0,5.0,897.8399170626817,89.78399170626817,897.8399170626817,89.78399170626817,0.3528571428571427
1146.4895275796134,89.10238613052634,4.0,2.70210867858815,2.0,0.7959183673469385,0.35,1.0,5.0,5.0,897.8399170626817,89.78399170626817,897.8399170626817,89.78399170626817,0.6175510204081631
1146.4895275796134,89.10238613052634,4.0,2.70210867858815,1.0,0.6326530612244896,0.8999999999999999,1.0,5.0,5.0,897.8399170626817,89.78399170626817,897.8399170626817,89.78399170626817,0.7395918367346938
1146.4895275796134,89.10238613052634,4.0,2.70210867858815,3.0,0.6734693877551019,0.0499999999999999,0.0,5.0,5.0,897.8399170626817,89.78399170626817,897.8399170626817,89.78399170626817,0.4240816326530611
1146.4895275796134,89.10238613052634,4.0,2.70210867858815,5.0,0.5489918859109907,0.5858433734939759,3.0,5.0,5.0,179.56798341253634,89.78399170626817,179.56798341253634,89.78399170626817,0.5637324809441847
1148.5254948830036,408.6774021402595,1.0,1.3922272850507291,1.0,0.204081632653061,0.825,2.0,5.0,0.0,766.4458871058204,255.4819623686068,408.6774021402595,408.6774021402595,0.4524489795918366
1148.8107121562484,177.71165427295986,4.0,2.9718160984744464,1.0,0.204081632653061,0.825,2.0,5.0,1.0,766.4458871058204,255.4819623686068,566.0110478973986,188.67034929913288,0.4524489795918366
1149.474872243201,313.9921350771814,1.0,1.0109292606147222,1.0,0.7142857142857142,0.725,0.0,5.0,2.0,313.9921350771814,313.9921350771814,1599.3617482798113,399.8404370699528,0.7185714285714284
1052.812029021135,330.99539220096324,3.0,3.265315189133604,1.0,0.204081632653061,0.825,2.0,2.0,3.0,664.4726641066312,332.2363320533156,1047.6301683678605,261.90754209196507,0.4524489795918366
1131.7899928581107,300.58334837656923,3.0,1.3019122691406602,3.0,0.8163265306122447,0.6,1.0,5.0,6.0,1202.333393506277,300.58334837656923,1202.333393506277,300.58334837656923,0.7297959183673468
1131.7899928581107,300.58334837656923,3.0,1.3019122691406602,0.0,0.5714285714285712,0.35,2.0,5.0,6.0,1202.333393506277,300.58334837656923,1202.333393506277,300.58334837656923,0.4828571428571426
1131.7899928581107,300.58334837656923,3.0,1.3019122691406602,3.0,0.183673469387755,0.65,2.0,5.0,6.0,1202.333393506277,300.58334837656923,1202.333393506277,300.58334837656923,0.370204081632653
1131.7899928581107,300.58334837656923,3.0,1.3019122691406602,3.0,0.0,0.125,0.0,5.0,6.0,1202.333393506277,300.58334837656923,1202.333393506277,300.58334837656923,0.05
1131.7899928581107,300.58334837656923,3.0,1.3019122691406602,5.0,0.5489918859109907,0.5858433734939759,3.0,5.0,6.0,300.58334837656923,300.58334837656923,300.58334837656923,300.58334837656923,0.5637324809441847
1131.7899928581107,300.58334837656923,3.0,1.3019122691406602,2.0,0.2653061224489794,0.575,2.0,5.0,6.0,768.1883409233236,384.0941704616618,300.58334837656923,300.58334837656923,0.3891836734693876
1131.7899928581107,300.58334837656923,3.0,1.3019122691406602,4.0,0.0,0.5,0.0,5.0,6.0,674.9598932014163,337.47994660070816,300.58334837656923,300.58334837656923,0.2
1109.4222600285627,374.0708801325945,1.0,2.817902768025561,3.0,0.510204081632653,0.8999999999999999,1.0,4.0,3.0,4334.956887308071,361.2464072756725,5992.435645241358,399.4957096827572,0.6661224489795918
1109.4222600285627,374.0708801325945,1.0,2.817902768025561,0.0,0.9183673469387754,0.675,2.0,4.0,3.0,4334.956887308071,361.2464072756725,5992.435645241358,399.4957096827572,0.8210204081632653
1109.4222600285627,374.0708801325945,1.0,2.817902768025561,2.0,0.5510204081632653,0.55,2.0,4.0,3.0,4334.956887308071,361.2464072756725,5992.435645241358,399.4957096827572,0.5506122448979591
1109.4222600285627,374.0708801325945,1.0,2.817902768025561,5.0,0.5489918859109907,0.5858433734939759,3.0,4.0,3.0,1297.355397066461,324.3388492666152,1604.8545795427035,401.2136448856759,0.5637324809441847
1134.5513737730423,472.1845447494886,0.0,4.907876410314368,3.0,0.510204081632653,0.8999999999999999,1.0,5.0,1.0,2826.155532310102,471.02592205168366,2826.155532310102,471.02592205168366,0.6661224489795918
1134.5513737730423,472.1845447494886,0.0,4.907876410314368,0.0,0.9183673469387754,0.675,2.0,5.0,1.0,2826.155532310102,471.02592205168366,2826.155532310102,471.02592205168366,0.8210204081632653
1134.5513737730423,472.1845447494886,0.0,4.907876410314368,2.0,0.5510204081632653,0.55,2.0,5.0,1.0,2826.155532310102,471.02592205168366,2826.155532310102,471.02592205168366,0.5506122448979591
1134.5513737730423,472.1845447494886,0.0,4.907876410314368,5.0,0.5489918859109907,0.5858433734939759,3.0,5.0,1.0,942.0518441033672,471.02592205168366,942.0518441033672,471.02592205168366,0.5637324809441847
1096.7081098334158,274.24026627735554,3.0,4.261954727357944,1.0,0.9795918367346936,0.7749999999999999,0.0,4.0,5.0,917.9441983814892,305.98139946049633,1117.0956219743384,279.2739054935846,0.8977551020408161
1096.7081098334158,274.24026627735554,3.0,4.261954727357944,0.0,0.9183673469387754,0.475,1.0,4.0,5.0,2195.336022984456,274.417002873057,2985.279871809568,298.5279871809568,0.7410204081632652
1096.7081098334158,274.24026627735554,3.0,4.261954727357944,3.0,0.2857142857142856,0.7,2.0,4.0,5.0,2195.336022984456,274.417002873057,2985.279871809568,298.5279871809568,0.4514285714285713
1077.8376667425696,492.32142020148194,0.0,3.8838261721485927,0.0,0.7551020408163263,0.95,0.0,3.0,0.0,1442.7586217610813,480.9195405870271,1475.155020585356,491.7183401951186,0.8330612244897957
1077.8376667425696,492.32142020148194,0.0,3.8838261721485927,2.0,0.0204081632653059,0.95,1.0,3.0,0.0,1717.2697537404626,429.31743843511566,982.7560199592292,491.3780099796146,0.3922448979591835
1149.1430006383423,180.05683069260098,4.0,2.9159293885586512,1.0,0.204081632653061,0.825,2.0,5.0,1.0,766.4458871058204,255.4819623686068,566.0110478973986,188.67034929913288,0.4524489795918366
1004.6967635444728,395.4347530010898,3.0,1.0815625054227342,2.0,0.9591836734693876,0.8500000000000001,0.0,1.0,5.0,1444.580761070892,240.763460178482,1618.144878678791,269.6908131131318,0.9155102040816324
1004.6967635444728,395.4347530010898,3.0,1.0815625054227342,1.0,0.4285714285714284,0.375,1.0,1.0,5.0,1444.580761070892,240.763460178482,1618.144878678791,269.6908131131318,0.407142857142857
1004.6967635444728,395.4347530010898,3.0,1.0815625054227342,4.0,0.7959183673469385,0.075,0.0,1.0,5.0,1444.580761070892,240.763460178482,1618.144878678791,269.6908131131318,0.5075510204081631
1052.2786555891053,429.3459603871008,3.0,4.790498520777384,2.0,0.7959183673469385,0.75,0.0,2.0,2.0,856.0905513923911,428.0452756961956,967.6127357943164,322.5375785981055,0.7775510204081632
1105.2223324319837,207.60784266722456,0.0,4.823791342086014,4.0,0.4081632653061222,0.075,2.0,4.0,6.0,627.2395652499763,209.07985508332544,627.2395652499763,209.07985508332544,0.2748979591836733
1021.4512256754472,191.99209413738555,3.0,3.399139813926121,4.0,0.5714285714285712,0.025,0.0,1.0,6.0,2314.85429695124,231.485429695124,959.9604706869276,191.99209413738555,0.3528571428571427
1021.4512256754472,191.99209413738555,3.0,3.399139813926121,2.0,0.7959183673469385,0.35,1.0,1.0,6.0,2314.85429695124,231.485429695124,959.9604706869276,191.99209413738555,0.6175510204081631
1021.4512256754472,191.99209413738555,3.0,3.399139813926121,1.0,0.6326530612244896,0.8999999999999999,1.0,1.0,6.0,2314.85429695124,231.485429695124,959.9604706869276,191.99209413738555,0.7395918367346938
1021.4512256754472,191.99209413738555,3.0,3.399139813926121,3.0,0.6734693877551019,0.0499999999999999,0.0,1.0,6.0,2314.85429695124,231.485429695124,959.9604706869276,191.99209413738555,0.4240816326530611
1021.4512256754472,191.99209413738555,3.0,3.399139813926121,5.0,0.5489918859109907,0.5858433734939759,3.0,1.0,6.0,672.8067652487255,224.2689217495752,191.99209413738555,191.99209413738555,0.5637324809441847
1114.3097993910833,326.6799347743258,4.0,3.0051931044312257,2.0,0.8775510204081631,0.625,1.0,4.0,4.0,653.3598695486515,326.6799347743258,653.3598695486515,326.6799347743258,0.7765306122448978
1114.3097993910833,326.6799347743258,4.0,3.0051931044312257,3.0,0.9999999999999998,0.525,2.0,4.0,4.0,653.3598695486515,326.6799347743258,653.3598695486515,326.6799347743258,0.8099999999999998
1114.3097993910833,326.6799347743258,4.0,3.0051931044312257,4.0,0.0,0.5,0.0,4.0,4.0,326.6799347743258,326.6799347743258,326.6799347743258,326.6799347743258,0.2
1096.3389734288978,270.1498368766205,3.0,4.263262983646438,1.0,0.9795918367346936,0.7749999999999999,0.0,4.0,5.0,917.9441983814892,305.98139946049633,1117.0956219743384,279.2739054935846,0.8977551020408161
1096.3389734288978,270.1498368766205,3.0,4.263262983646438,0.0,0.9183673469387754,0.475,1.0,4.0,5.0,2195.336022984456,274.417002873057,2985.279871809568,298.5279871809568,0.7410204081632652
1096.3389734288978,270.1498368766205,3.0,4.263262983646438,3.0,0.2857142857142856,0.7,2.0,4.0,5.0,2195.336022984456,274.417002873057,2985.279871809568,298.5279871809568,0.4514285714285713
1087.717799294447,486.47841737953,0.0,4.111584652491146,3.0,0.0,0.65,2.0,3.0,2.0,671.5258482391662,335.7629241195831,486.47841737953,486.47841737953,0.26
1087.717799294447,486.47841737953,0.0,4.111584652491146,3.0,0.8163265306122447,0.6,1.0,3.0,2.0,3221.2459079952164,402.6557384994021,3221.2459079952164,402.6557384994021,0.7297959183673468
1087.717799294447,486.47841737953,0.0,4.111584652491146,0.0,0.5714285714285712,0.35,2.0,3.0,2.0,3221.2459079952164,402.6557384994021,3221.2459079952164,402.6557384994021,0.4828571428571426
1087.717799294447,486.47841737953,0.0,4.111584652491146,3.0,0.183673469387755,0.65,2.0,3.0,2.0,3221.2459079952164,402.6557384994021,3221.2459079952164,402.6557384994021,0.370204081632653
1087.717799294447,486.47841737953,0.0,4.111584652491146,3.0,0.0,0.125,0.0,3.0,2.0,3221.2459079952164,402.6557384994021,3221.2459079952164,402.6557384994021,0.05
1087.717799294447,486.47841737953,0.0,4.111584652491146,5.0,0.5489918859109907,0.5858433734939759,3.0,3.0,2.0,486.47841737953,486.47841737953,486.47841737953,486.47841737953,0.5637324809441847
1022.7289669258593,76.32735777535959,3.0,1.9738613215018896,5.0,0.5489918859109907,0.5858433734939759,3.0,1.0,1.0,275.7849086729448,68.9462271682362,314.38644085604227,104.79548028534742,0.5637324809441847
1022.7289669258593,76.32735777535959,3.0,1.9738613215018896,0.0,0.4081632653061222,0.575,0.0,1.0,1.0,1121.0834824251772,186.8472470708629,591.4689177169147,197.15630590563825,0.4748979591836733
1022.7289669258593,76.32735777535959,3.0,1.9738613215018896,3.0,0.0,0.65,2.0,1.0,1.0,275.7849086729448,68.9462271682362,154.60043538258816,77.30021769129408,0.26
1145.9743486325992,90.46559728201,4.0,2.7152047843432894,4.0,0.5714285714285712,0.025,0.0,5.0,5.0,897.8399170626817,89.78399170626817,897.8399170626817,89.78399170626817,0.3528571428571427
1145.9743486325992,90.46559728201,4.0,2.7152047843432894,2.0,0.7959183673469385,0.35,1.0,5.0,5.0,897.8399170626817,89.78399170626817,897.8399170626817,89.78399170626817,0.6175510204081631
1145.9743486325992,90.46559728201,4.0,2.7152047843432894,1.0,0.6326530612244896,0.8999999999999999,1.0,5.0,5.0,897.8399170626817,89.78399170626817,897.8399170626817,89.78399170626817,0.7395918367346938
1145.9743486325992,90.46559728201,4.0,2.7152047843432894,3.0,0.6734693877551019,0.0499999999999999,0.0,5.0,5.0,897.8399170626817,89.78399170626817,897.8399170626817,89.78399170626817,0.4240816326530611
1145.9743486325992,90.46559728201,4.0,2.7152047843432894,5.0,0.5489918859109907,0.5858433734939759,3.0,5.0,5.0,179.56798341253634,89.78399170626817,179.56798341253634,89.78399170626817,0.5637324809441847
1104.4131623760263,209.6892009317353,0.0,4.761711133428061,4.0,0.4081632653061222,0.075,2.0,4.0,6.0,627.2395652499763,209.07985508332544,627.2395652499763,209.07985508332544,0.2748979591836733
1084.3667265114125,164.7997814637929,2.0,4.996928427748206,2.0,0.7959183673469385,0.75,0.0,3.0,6.0,374.30466396629,187.152331983145,164.7997814637929,164.7997814637929,0.7775510204081632
1073.1432800413304,208.24256293183777,4.0,4.274675282162384,1.0,0.204081632653061,0.825,2.0,3.0,1.0,490.8630032980144,245.4315016490072,566.0110478973986,188.67034929913288,0.4524489795918366
1097.213432398916,272.9012837194504,3.0,4.310423532284774,2.0,0.2653061224489794,0.575,2.0,4.0,5.0,1088.905541708752,272.226385427188,1088.905541708752,272.226385427188,0.3891836734693876
1097.213432398916,272.9012837194504,3.0,4.310423532284774,0.0,0.7551020408163263,0.95,0.0,4.0,5.0,811.7858411671509,270.5952803890503,811.7858411671509,270.5952803890503,0.8330612244897957
1043.0634131021125,388.8796546578489,4.0,2.189606361842116,2.0,0.7551020408163263,0.5,2.0,2.0,6.0,388.8796546578489,388.8796546578489,824.103394020198,412.051697010099,0.6530612244897958
1003.4833342380088,60.64102876410991,1.0,1.2829332134457472,5.0,0.5489918859109907,0.5858433734939759,3.0,1.0,4.0,275.7849086729448,68.9462271682362,342.77846908324875,114.25948969441625,0.5637324809441847
1003.4833342380088,60.64102876410991,1.0,1.2829332134457472,0.0,0.4081632653061222,0.575,0.0,1.0,4.0,1121.0834824251772,186.8472470708629,342.77846908324875,114.25948969441625,0.4748979591836733
1003.4833342380088,60.64102876410991,1.0,1.2829332134457472,3.0,0.0,0.65,2.0,1.0,4.0,275.7849086729448,68.9462271682362,342.77846908324875,114.25948969441625,0.26
1056.813353402057,307.8731352290074,1.0,4.776831946024933,0.0,0.9183673469387754,0.7749999999999999,2.0,2.0,1.0,1229.8904388273422,307.4726097068356,1229.8904388273422,307.4726097068356,0.8610204081632653
1056.813353402057,307.8731352290074,1.0,4.776831946024933,1.0,0.6326530612244896,0.8,2.0,2.0,1.0,1229.8904388273422,307.4726097068356,1229.8904388273422,307.4726097068356,0.6995918367346938
1056.813353402057,307.8731352290074,1.0,4.776831946024933,4.0,0.857142857142857,0.35,1.0,2.0,1.0,709.0910436925906,236.36368123086356,614.9452194136711,307.4726097068356,0.6542857142857141
