customer_id_legacy,transaction_id,purchase_amount,purchase_date,product_category,customer_rating,customer_id_new,social_media_platform,engagement_score,purchase_interest_score,review_sentiment,transaction_month,transaction_weekday,purchase_amount_monthly,purchase_avg_monthly,purchase_amount_weekday,purchase_avg_weekday,customer_engagement_score
151,1000.94766878263,408.43009141790594,2024-01-01,Sports,2.314518029738407,A176,Facebook,0.40816326530612224,0.575,Negative,1,0,1121.0834824251772,186.84724707086286,408.43009141790594,408.43009141790594,0.4748979591836733
192,1002.3081002723676,332.9519768401512,2024-01-02,Electronics,4.190435641464056,A156,Instagram,0.04081632653061207,0.9750000000000001,Positive,1,1,332.9519768401512,332.9519768401512,332.9519768401512,332.9519768401512,0.4144897959183673
192,1002.3081002723676,332.9519768401512,2024-01-02,Electronics,4.190435641464056,A108,,,,,1,1,332.9519768401512,332.9519768401512,332.9519768401512,332.9519768401512,
192,1002.3081002723676,332.9519768401512,2024-01-02,Electronics,4.190435641464056,A110,,,,,1,1,332.9519768401512,332.9519768401512,1529.4640114269846,305.8928022853969,
192,1002.3081002723676,332.9519768401512,2024-01-02,Electronics,4.190435641464056,A140,LinkedIn,0.7346938775510203,0.525,Negative,1,1,614.4431714535016,307.2215857267508,332.9519768401512,332.9519768401512,0.6508163265306122
113,1003.7099727038252,441.0817977441892,2024-01-03,Electronics,2.1245568784138187,A196,Instagram,0.7142857142857142,0.725,Negative,1,2,441.0817977441892,441.0817977441892,1599.3617482798113,399.8404370699528,0.7185714285714284
159,1004.7268421430252,60.54344452624674,2024-01-05,Clothing,1.2966166004046724,A170,,,,,1,4,275.7849086729448,68.9462271682362,342.77846908324875,114.25948969441625,
159,1004.7268421430252,60.54344452624674,2024-01-05,Clothing,1.2966166004046724,A176,Facebook,0.40816326530612224,0.575,Negative,1,4,1121.0834824251772,186.84724707086286,342.77846908324875,114.25948969441625,0.4748979591836733
159,1004.7268421430252,60.54344452624674,2024-01-05,Clothing,1.2966166004046724,A188,TikTok,0.0,0.65,Positive,1,4,275.7849086729448,68.9462271682362,342.77846908324875,114.25948969441625,0.26
120,1005.0312454645892,394.53887352649497,2024-01-06,Groceries,1.1045701676995727,A159,,,,,1,5,776.9963049051844,258.99876830172815,873.297982386941,291.0993274623137,
182,1006.6538989054616,89.88459654613023,2024-01-07,Sports,4.890054617676436,A193,TikTok,0.3877551020408161,0.4,Negative,1,6,89.88459654613023,89.88459654613023,89.88459654613023,89.88459654613023,0.3926530612244897
173,1009.5665283089852,228.18114379743355,2024-01-09,Electronics,3.800445750754999,A194,LinkedIn,0.7959183673469385,0.75,Negative,1,1,339.70332819935885,169.85166409967943,437.68602629993063,218.84301314996532,0.7775510204081632
173,1009.889474958182,111.52218440192532,2024-01-10,Sports,2.60802720392755,A194,LinkedIn,0.7959183673469385,0.75,Negative,1,2,339.70332819935885,169.85166409967943,967.6127357943164,322.5375785981055,0.7775510204081632
187,1011.447749807923,401.0196089790219,2024-01-11,Sports,1.6932659473117275,A124,TikTok,0.510204081632653,0.8999999999999999,Neutral,1,3,3446.669996458691,382.9633329398546,5992.435645241358,399.4957096827572,0.6661224489795918
187,1011.447749807923,401.0196089790219,2024-01-11,Sports,1.6932659473117275,A124,Facebook,0.9183673469387754,0.675,Positive,1,3,3446.669996458691,382.9633329398546,5992.435645241358,399.4957096827572,0.8210204081632653
187,1011.447749807923,401.0196089790219,2024-01-11,Sports,1.6932659473117275,A124,LinkedIn,0.5510204081632653,0.55,Positive,1,3,3446.669996458691,382.9633329398546,5992.435645241358,399.4957096827572,0.5506122448979591
187,1011.447749807923,401.0196089790219,2024-01-11,Sports,1.6932659473117275,A171,,,,,1,3,1148.8899988195635,382.9633329398545,1604.8545795427035,401.2136448856759,
198,1010.722860812702,281.4911946133504,2024-01-12,Electronics,1.6036271981511108,A132,LinkedIn,0.26530612244897944,0.575,Positive,1,4,281.4911946133504,281.4911946133504,281.4911946133504,281.4911946133504,0.38918367346938765
198,1010.722860812702,281.4911946133504,2024-01-12,Electronics,1.6036271981511108,A140,LinkedIn,0.7346938775510203,0.525,Negative,1,4,614.4431714535016,307.2215857267508,281.4911946133504,281.4911946133504,0.6508163265306122
122,1012.2944097896468,289.1535604469843,2024-01-13,Clothing,1.99244155287708,A123,,,,,1,5,289.1535604469843,289.1535604469843,289.1535604469843,289.1535604469843,
120,1014.2983292881424,145.9970357132178,2024-01-15,Sports,3.8992972261950927,A159,,,,,1,0,776.9963049051844,258.99876830172815,145.9970357132178,145.9970357132178,
151,1016.347829813994,436.8684823343265,2024-01-16,Books,3.605036353879191,A176,Facebook,0.40816326530612224,0.575,Negative,1,1,1121.0834824251772,186.84724707086286,591.4689177169147,197.15630590563822,0.4748979591836733
101,1017.4312634487168,270.97876525286244,2024-01-17,Books,2.081468943253272,A116,Twitter,0.5714285714285712,0.025000000000000022,Negative,1,2,2314.85429695124,231.485429695124,1354.8938262643123,270.97876525286244,0.3528571428571427
101,1017.4312634487168,270.97876525286244,2024-01-17,Books,2.081468943253272,A116,LinkedIn,0.7959183673469385,0.35,Neutral,1,2,2314.85429695124,231.485429695124,1354.8938262643123,270.97876525286244,0.6175510204081631
101,1017.4312634487168,270.97876525286244,2024-01-17,Books,2.081468943253272,A116,Instagram,0.6326530612244896,0.8999999999999999,Neutral,1,2,2314.85429695124,231.485429695124,1354.8938262643123,270.97876525286244,0.7395918367346938
101,1017.4312634487168,270.97876525286244,2024-01-17,Books,2.081468943253272,A116,TikTok,0.6734693877551019,0.04999999999999999,Negative,1,2,2314.85429695124,231.485429695124,1354.8938262643123,270.97876525286244,0.42408163265306115
101,1017.4312634487168,270.97876525286244,2024-01-17,Books,2.081468943253272,A116,Twitter,0.5714285714285712,0.025000000000000022,Negative,1,2,2314.85429695124,231.485429695124,1354.8938262643123,270.97876525286244,0.3528571428571427
101,1017.4312634487168,270.97876525286244,2024-01-17,Books,2.081468943253272,A161,,,,,1,2,672.8067652487255,224.26892174957516,270.97876525286244,270.97876525286244,
187,1018.5118117423692,456.2196039038288,2024-01-18,Groceries,4.808373123956554,A124,TikTok,0.510204081632653,0.8999999999999999,Neutral,1,3,3446.669996458691,382.9633329398546,5992.435645241358,399.4957096827572,0.6661224489795918
187,1018.5118117423692,456.2196039038288,2024-01-18,Groceries,4.808373123956554,A124,Facebook,0.9183673469387754,0.675,Positive,1,3,3446.669996458691,382.9633329398546,5992.435645241358,399.4957096827572,0.8210204081632653
187,1018.5118117423692,456.2196039038288,2024-01-18,Groceries,4.808373123956554,A124,LinkedIn,0.5510204081632653,0.55,Positive,1,3,3446.669996458691,382.9633329398546,5992.435645241358,399.4957096827572,0.5506122448979591
187,1018.5118117423692,456.2196039038288,2024-01-18,Groceries,4.808373123956554,A171,,,,,1,3,1148.8899988195635,382.9633329398545,1604.8545795427035,401.2136448856759,
129,1018.7551046793504,280.42283480949385,2024-01-19,Electronics,3.999592065646553,A114,Facebook,0.7551020408163263,0.95,Negative,1,4,280.42283480949385,280.42283480949385,740.4254366113458,370.2127183056729,0.8330612244897957
129,1018.7551046793504,280.42283480949385,2024-01-19,Electronics,3.999592065646553,A163,TikTok,0.06122448979591821,0.75,Neutral,1,4,560.8456696189877,280.42283480949385,560.8456696189877,280.42283480949385,0.33673469387755095
129,1018.7551046793504,280.42283480949385,2024-01-19,Electronics,3.999592065646553,A163,TikTok,0.9387755102040816,0.55,Neutral,1,4,560.8456696189877,280.42283480949385,560.8456696189877,280.42283480949385,0.783265306122449
136,1020.2442227467365,286.94198472100754,2024-01-20,Electronics,3.216991511265205,A107,Twitter,0.9387755102040816,0.22499999999999998,Neutral,1,5,1721.6519083260453,286.94198472100754,1721.6519083260453,286.94198472100754,0.6532653061224489
136,1020.2442227467365,286.94198472100754,2024-01-20,Electronics,3.216991511265205,A107,Facebook,0.2448979591836733,0.8500000000000001,Positive,1,5,1721.6519083260453,286.94198472100754,1721.6519083260453,286.94198472100754,0.48693877551020404
136,1020.2442227467365,286.94198472100754,2024-01-20,Electronics,3.216991511265205,A107,Twitter,0.46938775510204067,0.8,Positive,1,5,1721.6519083260453,286.94198472100754,1721.6519083260453,286.94198472100754,0.6016326530612244
136,1020.2442227467365,286.94198472100754,2024-01-20,Electronics,3.216991511265205,A107,Twitter,0.9387755102040816,0.22499999999999998,Neutral,1,5,1721.6519083260453,286.94198472100754,1721.6519083260453,286.94198472100754,0.6532653061224489
136,1020.2442227467365,286.94198472100754,2024-01-20,Electronics,3.216991511265205,A107,Facebook,0.2448979591836733,0.8500000000000001,Positive,1,5,1721.6519083260453,286.94198472100754,1721.6519083260453,286.94198472100754,0.48693877551020404
136,1020.2442227467365,286.94198472100754,2024-01-20,Electronics,3.216991511265205,A107,Twitter,0.46938775510204067,0.8,Positive,1,5,1721.6519083260453,286.94198472100754,1721.6519083260453,286.94198472100754,0.6016326530612244
163,1021.5345352098412,219.78381499779195,2024-01-22,Groceries,2.697594163960896,A180,Facebook,0.1428571428571428,0.7,Negative,1,0,439.5676299955839,219.78381499779195,439.5676299955839,219.78381499779195,0.36571428571428566
163,1021.5345352098412,219.78381499779195,2024-01-22,Groceries,2.697594163960896,A180,LinkedIn,0.9795918367346936,0.275,Negative,1,0,439.5676299955839,219.78381499779195,439.5676299955839,219.78381499779195,0.6977551020408161
163,1021.5345352098412,219.78381499779195,2024-01-22,Groceries,2.697594163960896,A131,LinkedIn,0.7551020408163263,0.5,Positive,1,0,219.78381499779195,219.78381499779195,219.78381499779195,219.78381499779195,0.6530612244897958
163,1021.5345352098412,219.78381499779195,2024-01-22,Groceries,2.697594163960896,A101,Twitter,0.36734693877551017,0.0,Neutral,1,0,219.78381499779195,219.78381499779195,219.78381499779195,219.78381499779195,0.2204081632653061
159,1022.7407760025552,78.27307760722859,2024-01-23,Groceries,2.007867243300654,A170,,,,,1,1,275.7849086729448,68.9462271682362,314.38644085604227,104.79548028534742,
159,1022.7407760025552,78.27307760722859,2024-01-23,Groceries,2.007867243300654,A176,Facebook,0.40816326530612224,0.575,Negative,1,1,1121.0834824251772,186.84724707086286,591.4689177169147,197.15630590563822,0.4748979591836733
159,1022.7407760025552,78.27307760722859,2024-01-23,Groceries,2.007867243300654,A188,TikTok,0.0,0.65,Positive,1,1,275.7849086729448,68.9462271682362,154.60043538258816,77.30021769129408,0.26
119,1024.2292853806937,86.09216735587422,2024-01-24,Sports,2.4027160416770883,A187,LinkedIn,0.9591836734693875,0.8500000000000001,Negative,1,2,1444.580761070892,240.763460178482,258.2765020676227,86.09216735587422,0.9155102040816325
119,1024.2292853806937,86.09216735587422,2024-01-24,Sports,2.4027160416770883,A187,Instagram,0.4285714285714284,0.375,Neutral,1,2,1444.580761070892,240.763460178482,258.2765020676227,86.09216735587422,0.40714285714285703
119,1024.2292853806937,86.09216735587422,2024-01-24,Sports,2.4027160416770883,A187,Twitter,0.7959183673469385,0.07500000000000001,Negative,1,2,1444.580761070892,240.763460178482,258.2765020676227,86.09216735587422,0.5075510204081631
132,1024.5155905142851,61.91123517659104,2024-01-25,Electronics,4.009950915619949,A134,,,,,1,3,61.91123517659104,61.91123517659104,459.31049071078945,229.65524535539473,
132,1024.5155905142851,61.91123517659104,2024-01-25,Electronics,4.009950915619949,A189,LinkedIn,0.5714285714285712,0.42500000000000004,Negative,1,3,309.5561758829552,61.911235176591035,2296.552453553947,229.6552453553947,0.5128571428571427
132,1024.5155905142851,61.91123517659104,2024-01-25,Electronics,4.009950915619949,A189,TikTok,0.9999999999999998,0.7749999999999999,Neutral,1,3,309.5561758829552,61.911235176591035,2296.552453553947,229.6552453553947,0.9099999999999999
132,1024.5155905142851,61.91123517659104,2024-01-25,Electronics,4.009950915619949,A189,Facebook,0.8979591836734693,0.7,Negative,1,3,309.5561758829552,61.911235176591035,2296.552453553947,229.6552453553947,0.8187755102040815
132,1024.5155905142851,61.91123517659104,2024-01-25,Electronics,4.009950915619949,A189,Twitter,0.18367346938775508,0.7,Neutral,1,3,309.5561758829552,61.911235176591035,2296.552453553947,229.6552453553947,0.390204081632653
132,1024.5155905142851,61.91123517659104,2024-01-25,Electronics,4.009950915619949,A189,Twitter,0.18367346938775508,0.7,Neutral,1,3,309.5561758829552,61.911235176591035,2296.552453553947,229.6552453553947,0.390204081632653
174,1025.9233360055723,209.8359058584775,2024-01-26,Sports,1.1238347512665674,A148,Facebook,0.510204081632653,0.175,Neutral,1,4,209.8359058584775,209.8359058584775,209.8359058584775,209.8359058584775,0.3761224489795918
174,1025.9233360055723,209.8359058584775,2024-01-26,Sports,1.1238347512665674,A161,,,,,1,4,672.8067652487255,224.26892174957516,209.8359058584775,209.8359058584775,
174,1025.9233360055723,209.8359058584775,2024-01-26,Sports,1.1238347512665674,A103,Instagram,0.5510204081632653,0.32499999999999996,Positive,1,4,629.5077175754325,209.8359058584775,629.5077175754325,209.8359058584775,0.46061224489795916
174,1025.9233360055723,209.8359058584775,2024-01-26,Sports,1.1238347512665674,A103,Facebook,0.16326530612244894,0.65,Positive,1,4,629.5077175754325,209.8359058584775,629.5077175754325,209.8359058584775,0.35795918367346935
174,1025.9233360055723,209.8359058584775,2024-01-26,Sports,1.1238347512665674,A103,Instagram,0.16326530612244894,0.42500000000000004,Negative,1,4,629.5077175754325,209.8359058584775,629.5077175754325,209.8359058584775,0.2679591836734694
157,1026.5899787772516,375.5443139304451,2024-01-27,Groceries,1.4805788603032193,A168,LinkedIn,0.204081632653061,0.8500000000000001,Positive,1,5,375.5443139304451,375.5443139304451,375.5443139304451,375.5443139304451,0.4624489795918367
157,1026.5899787772516,375.5443139304451,2024-01-27,Groceries,1.4805788603032193,A143,Instagram,0.36734693877551017,0.04999999999999999,Negative,1,5,375.5443139304451,375.5443139304451,375.5443139304451,375.5443139304451,0.2404081632653061
157,1026.5899787772516,375.5443139304451,2024-01-27,Groceries,1.4805788603032193,A174,Facebook,0.9183673469387754,0.475,Neutral,1,5,751.0886278608903,375.5443139304451,2985.2798718095673,298.52798718095676,0.7410204081632652
157,1026.5899787772516,375.5443139304451,2024-01-27,Groceries,1.4805788603032193,A174,TikTok,0.2857142857142856,0.7,Positive,1,5,751.0886278608903,375.5443139304451,2985.2798718095673,298.52798718095676,0.4514285714285713
120,1028.1994672141336,236.4603956654716,2024-01-28,Electronics,1.203971191287725,A159,,,,,1,6,776.9963049051844,258.99876830172815,236.4603956654716,236.4603956654716,
187,1028.5332548537576,291.65078593671296,2024-01-29,Sports,1.217837653875169,A124,TikTok,0.510204081632653,0.8999999999999999,Neutral,1,0,3446.669996458691,382.9633329398546,1696.8219777902366,282.80366296503945,0.6661224489795918
187,1028.5332548537576,291.65078593671296,2024-01-29,Sports,1.217837653875169,A124,Facebook,0.9183673469387754,0.675,Positive,1,0,3446.669996458691,382.9633329398546,1696.8219777902366,282.80366296503945,0.8210204081632653
187,1028.5332548537576,291.65078593671296,2024-01-29,Sports,1.217837653875169,A124,LinkedIn,0.5510204081632653,0.55,Positive,1,0,3446.669996458691,382.9633329398546,1696.8219777902366,282.80366296503945,0.5506122448979591
187,1028.5332548537576,291.65078593671296,2024-01-29,Sports,1.217837653875169,A171,,,,,1,0,1148.8899988195635,382.9633329398545,536.6445227715658,268.3222613857829,
189,1031.070513462852,332.9006535846725,2024-01-31,Groceries,3.812104105842757,A173,TikTok,0.26530612244897944,0.825,Negative,1,2,665.801307169345,332.9006535846725,665.801307169345,332.9006535846725,0.4891836734693877
189,1031.070513462852,332.9006535846725,2024-01-31,Groceries,3.812104105842757,A173,Facebook,0.5714285714285712,0.725,Negative,1,2,665.801307169345,332.9006535846725,665.801307169345,332.9006535846725,0.6328571428571427
157,1031.7404232184872,114.260927642523,2024-02-01,Electronics,2.8895987682480064,A168,LinkedIn,0.204081632653061,0.8500000000000001,Positive,2,3,114.260927642523,114.260927642523,114.260927642523,114.260927642523,0.4624489795918367
157,1031.7404232184872,114.260927642523,2024-02-01,Electronics,2.8895987682480064,A143,Instagram,0.36734693877551017,0.04999999999999999,Negative,2,3,677.6428467811388,225.88094892704626,290.12016115486364,145.06008057743182,0.2404081632653061
157,1031.7404232184872,114.260927642523,2024-02-01,Electronics,2.8895987682480064,A174,Facebook,0.9183673469387754,0.475,Neutral,2,3,228.521855285046,114.260927642523,228.521855285046,114.260927642523,0.7410204081632652
157,1031.7404232184872,114.260927642523,2024-02-01,Electronics,2.8895987682480064,A174,TikTok,0.2857142857142856,0.7,Positive,2,3,228.521855285046,114.260927642523,228.521855285046,114.260927642523,0.4514285714285713
141,1032.726454460672,219.12699951831908,2024-02-02,Groceries,1.3937886205395975,A107,Twitter,0.9387755102040816,0.22499999999999998,Neutral,2,4,1479.2506185350549,246.54176975584247,657.3809985549573,219.12699951831908,0.6532653061224489
141,1032.726454460672,219.12699951831908,2024-02-02,Groceries,1.3937886205395975,A107,Facebook,0.2448979591836733,0.8500000000000001,Positive,2,4,1479.2506185350549,246.54176975584247,657.3809985549573,219.12699951831908,0.48693877551020404
141,1032.726454460672,219.12699951831908,2024-02-02,Groceries,1.3937886205395975,A107,Twitter,0.46938775510204067,0.8,Positive,2,4,1479.2506185350549,246.54176975584247,657.3809985549573,219.12699951831908,0.6016326530612244
141,1032.726454460672,219.12699951831908,2024-02-02,Groceries,1.3937886205395975,A159,,,,,2,4,498.7129018136379,249.35645090681896,219.12699951831908,219.12699951831908,
190,1034.3918158581218,94.14582427891952,2024-02-03,Electronics,2.9881589905667263,A133,Twitter,0.4489795918367345,0.22499999999999998,Positive,2,5,282.43747283675856,94.14582427891952,282.43747283675856,94.14582427891952,0.3593877551020407
190,1034.3918158581218,94.14582427891952,2024-02-03,Electronics,2.9881589905667263,A133,Twitter,0.4285714285714284,0.95,Negative,2,5,282.43747283675856,94.14582427891952,282.43747283675856,94.14582427891952,0.637142857142857
190,1034.3918158581218,94.14582427891952,2024-02-03,Electronics,2.9881589905667263,A133,Instagram,0.04081632653061207,0.42500000000000004,Positive,2,5,282.43747283675856,94.14582427891952,282.43747283675856,94.14582427891952,0.1944897959183673
190,1034.3918158581218,94.14582427891952,2024-02-03,Electronics,2.9881589905667263,A145,Twitter,0.857142857142857,0.35,Neutral,2,5,709.0910436925906,236.36368123086353,238.09269750409337,119.04634875204668,0.6542857142857141
158,1035.7783054900835,110.27201358581644,2024-02-04,Books,2.900837460033605,A126,TikTok,0.510204081632653,0.525,Neutral,2,6,2199.7275026526695,366.6212504421116,220.54402717163288,110.27201358581644,0.5161224489795918
158,1035.7783054900835,110.27201358581644,2024-02-04,Books,2.900837460033605,A126,Facebook,0.9795918367346936,0.825,Negative,2,6,2199.7275026526695,366.6212504421116,220.54402717163288,110.27201358581644,0.9177551020408161
158,1035.7783054900835,110.27201358581644,2024-02-04,Books,2.900837460033605,A171,,,,,2,6,604.07382215403,302.036911077015,110.27201358581644,110.27201358581644,
158,1035.7783054900835,110.27201358581644,2024-02-04,Books,2.900837460033605,A181,Twitter,0.3265306122448979,0.275,Positive,2,6,604.07382215403,302.036911077015,161.40873413698876,80.70436706849438,0.3059183673469387
178,1036.0394570725998,492.3990006261268,2024-02-05,Clothing,1.710769717460022,A132,LinkedIn,0.26530612244897944,0.575,Positive,2,0,984.7980012522536,492.3990006261268,984.7980012522536,492.3990006261268,0.38918367346938765
178,1036.0394570725998,492.3990006261268,2024-02-05,Clothing,1.710769717460022,A114,Facebook,0.7551020408163263,0.95,Negative,2,0,492.3990006261268,492.3990006261268,1475.155020585356,491.7183401951186,0.8330612244897957
178,1036.0394570725998,492.3990006261268,2024-02-05,Clothing,1.710769717460022,A132,LinkedIn,0.26530612244897944,0.575,Positive,2,0,984.7980012522536,492.3990006261268,984.7980012522536,492.3990006261268,0.38918367346938765
113,1036.8618799541027,181.4702775540141,2024-02-06,Clothing,2.712940525212624,A196,Instagram,0.7142857142857142,0.725,Negative,2,1,337.56342277005365,168.78171138502682,181.4702775540141,181.4702775540141,0.7185714285714284
161,1037.6882414550716,332.22829522691853,2024-02-07,Clothing,2.604901953843757,A118,Facebook,0.5306122448979591,0.725,Negative,2,2,332.22829522691853,332.22829522691853,332.22829522691853,332.22829522691853,0.6083673469387754
146,1039.8397599732268,156.09314521603952,2024-02-09,Books,3.49586160494542,A196,Instagram,0.7142857142857142,0.725,Negative,2,4,337.56342277005365,168.78171138502682,388.9706420921916,194.4853210460958,0.7185714285714284
146,1039.8397599732268,156.09314521603952,2024-02-09,Books,3.49586160494542,A106,Facebook,0.9999999999999998,0.8,Negative,2,4,156.09314521603952,156.09314521603952,388.9706420921916,194.4853210460958,0.9199999999999999
146,1039.8397599732268,156.09314521603952,2024-02-09,Books,3.49586160494542,A113,Facebook,0.9795918367346936,0.42500000000000004,Neutral,2,4,312.18629043207903,156.09314521603952,777.9412841843832,194.4853210460958,0.7577551020408162
146,1039.8397599732268,156.09314521603952,2024-02-09,Books,3.49586160494542,A113,Instagram,0.0,0.0,Positive,2,4,312.18629043207903,156.09314521603952,777.9412841843832,194.4853210460958,0.0
150,1042.3248587393227,387.5226856262751,2024-02-11,Sports,2.2050810207123144,A143,Instagram,0.36734693877551017,0.04999999999999999,Negative,2,6,677.6428467811388,225.88094892704626,387.5226856262751,387.5226856262751,0.2404081632653061
162,1044.0068558646635,495.7899291723048,2024-02-13,Sports,3.01665644058476,A126,TikTok,0.510204081632653,0.525,Neutral,2,1,2199.7275026526695,366.6212504421116,1196.5120345868334,299.12800864670834,0.5161224489795918
162,1044.0068558646635,495.7899291723048,2024-02-13,Sports,3.01665644058476,A126,Facebook,0.9795918367346936,0.825,Negative,2,1,2199.7275026526695,366.6212504421116,1196.5120345868334,299.12800864670834,0.9177551020408161
162,1044.0068558646635,495.7899291723048,2024-02-13,Sports,3.01665644058476,A110,,,,,2,1,991.5798583446096,495.7899291723048,1529.4640114269846,305.8928022853969,
162,1044.0068558646635,495.7899291723048,2024-02-13,Sports,3.01665644058476,A110,,,,,2,1,991.5798583446096,495.7899291723048,1529.4640114269846,305.8928022853969,
150,1046.0558090555571,175.85923351234064,2024-02-15,Books,3.6093973191114457,A143,Instagram,0.36734693877551017,0.04999999999999999,Negative,2,3,677.6428467811388,225.88094892704626,290.12016115486364,145.06008057743182,0.2404081632653061
106,1046.8455080952251,396.2171742032585,2024-02-16,Sports,1.687159442291859,A102,LinkedIn,0.020408163265305923,0.95,Neutral,2,4,396.2171742032585,396.2171742032585,1185.106295693467,395.0354318978223,0.39224489795918355
106,1046.8455080952251,396.2171742032585,2024-02-16,Sports,1.687159442291859,A121,LinkedIn,0.4897959183673468,0.625,Positive,2,4,792.434348406517,396.2171742032585,792.434348406517,396.2171742032585,0.5438775510204081
106,1046.8455080952251,396.2171742032585,2024-02-16,Sports,1.687159442291859,A121,TikTok,0.9183673469387754,0.55,Neutral,2,4,792.434348406517,396.2171742032585,792.434348406517,396.2171742032585,0.7710204081632652
120,1047.6516388917491,279.5859022953188,2024-02-17,Groceries,1.293039110751707,A159,,,,,2,5,498.7129018136379,249.35645090681896,873.297982386941,291.0993274623137,
138,1050.161046743396,273.9565399933659,2024-02-19,Electronics,1.108990361507489,A124,TikTok,0.510204081632653,0.8999999999999999,Neutral,2,0,821.8696199800977,273.9565399933659,1696.8219777902366,282.80366296503945,0.6661224489795918
138,1050.161046743396,273.9565399933659,2024-02-19,Electronics,1.108990361507489,A124,Facebook,0.9183673469387754,0.675,Positive,2,0,821.8696199800977,273.9565399933659,1696.8219777902366,282.80366296503945,0.8210204081632653
138,1050.161046743396,273.9565399933659,2024-02-19,Electronics,1.108990361507489,A124,LinkedIn,0.5510204081632653,0.55,Positive,2,0,821.8696199800977,273.9565399933659,1696.8219777902366,282.80366296503945,0.5506122448979591
138,1050.161046743396,273.9565399933659,2024-02-19,Electronics,1.108990361507489,A147,Twitter,0.5510204081632653,0.125,Neutral,2,0,273.9565399933659,273.9565399933659,273.9565399933659,273.9565399933659,0.38061224489795914
138,1050.161046743396,273.9565399933659,2024-02-19,Electronics,1.108990361507489,A107,Twitter,0.9387755102040816,0.22499999999999998,Neutral,2,0,1479.2506185350549,246.54176975584247,821.8696199800977,273.9565399933659,0.6532653061224489
138,1050.161046743396,273.9565399933659,2024-02-19,Electronics,1.108990361507489,A107,Facebook,0.2448979591836733,0.8500000000000001,Positive,2,0,1479.2506185350549,246.54176975584247,821.8696199800977,273.9565399933659,0.48693877551020404
138,1050.161046743396,273.9565399933659,2024-02-19,Electronics,1.108990361507489,A107,Twitter,0.46938775510204067,0.8,Positive,2,0,1479.2506185350549,246.54176975584247,821.8696199800977,273.9565399933659,0.6016326530612244
103,1052.5845827838184,426.7445910052904,2024-02-21,Groceries,4.786523769165915,A194,LinkedIn,0.7959183673469385,0.75,Negative,2,2,856.0905513923911,428.0452756961956,967.6127357943164,322.5375785981055,0.7775510204081632
188,1053.2979160434763,333.477271905668,2024-02-22,Groceries,3.2887541603822275,A192,Instagram,0.204081632653061,0.825,Positive,2,3,664.4726641066312,332.2363320533156,1047.6301683678603,261.90754209196507,0.4524489795918366
158,1054.8794136536037,493.8018085682136,2024-02-23,Books,2.617170781778847,A126,TikTok,0.510204081632653,0.525,Neutral,2,4,2199.7275026526695,366.6212504421116,987.6036171364271,493.8018085682136,0.5161224489795918
158,1054.8794136536037,493.8018085682136,2024-02-23,Books,2.617170781778847,A126,Facebook,0.9795918367346936,0.825,Negative,2,4,2199.7275026526695,366.6212504421116,987.6036171364271,493.8018085682136,0.9177551020408161
158,1054.8794136536037,493.8018085682136,2024-02-23,Books,2.617170781778847,A171,,,,,2,4,604.07382215403,302.036911077015,493.8018085682136,493.8018085682136,
158,1054.8794136536037,493.8018085682136,2024-02-23,Books,2.617170781778847,A181,Twitter,0.3265306122448979,0.275,Positive,2,4,604.07382215403,302.036911077015,493.8018085682136,493.8018085682136,0.3059183673469387
112,1055.2623878895329,171.11043924914748,2024-02-24,Groceries,3.5897654459864112,A188,TikTok,0.0,0.65,Positive,2,5,171.11043924914748,171.11043924914748,356.15787010878364,178.07893505439182,0.26
112,1055.2623878895329,171.11043924914748,2024-02-24,Groceries,3.5897654459864112,A185,TikTok,0.8163265306122447,0.6,Neutral,2,5,684.4417569965899,171.11043924914748,684.4417569965899,171.11043924914748,0.7297959183673468
112,1055.2623878895329,171.11043924914748,2024-02-24,Groceries,3.5897654459864112,A185,Facebook,0.5714285714285712,0.35,Positive,2,5,684.4417569965899,171.11043924914748,684.4417569965899,171.11043924914748,0.48285714285714265
112,1055.2623878895329,171.11043924914748,2024-02-24,Groceries,3.5897654459864112,A185,TikTok,0.18367346938775508,0.65,Positive,2,5,684.4417569965899,171.11043924914748,684.4417569965899,171.11043924914748,0.37020408163265306
112,1055.2623878895329,171.11043924914748,2024-02-24,Groceries,3.5897654459864112,A185,TikTok,0.0,0.125,Negative,2,5,684.4417569965899,171.11043924914748,684.4417569965899,171.11043924914748,0.05
112,1055.2623878895329,171.11043924914748,2024-02-24,Groceries,3.5897654459864112,A175,,,,,2,5,171.11043924914748,171.11043924914748,171.11043924914748,171.11043924914748,
189,1057.544144106011,281.5537717150896,2024-02-26,Groceries,3.213881724417498,A173,TikTok,0.26530612244897944,0.825,Negative,2,0,563.1075434301792,281.5537717150896,563.1075434301792,281.5537717150896,0.4891836734693877
189,1057.544144106011,281.5537717150896,2024-02-26,Groceries,3.213881724417498,A173,Facebook,0.5714285714285712,0.725,Negative,2,0,563.1075434301792,281.5537717150896,563.1075434301792,281.5537717150896,0.6328571428571427
152,1057.215523317951,307.07208418466365,2024-02-27,Clothing,4.80814438268556,A152,Facebook,0.9183673469387754,0.7749999999999999,Positive,2,1,1229.8904388273422,307.47260970683556,1229.8904388273422,307.47260970683556,0.8610204081632653
152,1057.215523317951,307.07208418466365,2024-02-27,Clothing,4.80814438268556,A152,Instagram,0.6326530612244896,0.8,Positive,2,1,1229.8904388273422,307.47260970683556,1229.8904388273422,307.47260970683556,0.6995918367346938
152,1057.215523317951,307.07208418466365,2024-02-27,Clothing,4.80814438268556,A145,Twitter,0.857142857142857,0.35,Neutral,2,1,709.0910436925906,236.36368123086353,614.9452194136711,307.47260970683556,0.6542857142857141
183,1059.945715774291,246.91406782463872,2024-02-29,Electronics,4.795724044999361,A183,TikTok,0.8163265306122447,0.7749999999999999,Positive,2,3,493.82813564927744,246.91406782463872,493.82813564927744,246.91406782463872,0.7997959183673469
183,1059.945715774291,246.91406782463872,2024-02-29,Electronics,4.795724044999361,A183,TikTok,0.4489795918367345,1.0,Positive,2,3,493.82813564927744,246.91406782463872,493.82813564927744,246.91406782463872,0.6693877551020407
183,1059.945715774291,246.91406782463872,2024-02-29,Electronics,4.795724044999361,A111,Instagram,0.9795918367346936,0.7749999999999999,Negative,2,3,246.91406782463872,246.91406782463872,246.91406782463872,246.91406782463872,0.8977551020408161
191,1060.486200299285,460.002601801852,2024-03-01,Sports,4.597377833058235,A114,Facebook,0.7551020408163263,0.95,Negative,3,4,1442.7586217610813,480.9195405870271,740.4254366113458,370.2127183056729,0.8330612244897957
191,1060.486200299285,460.002601801852,2024-03-01,Sports,4.597377833058235,A102,LinkedIn,0.020408163265305923,0.95,Neutral,3,4,1717.2697537404626,429.31743843511566,1185.106295693467,395.0354318978223,0.39224489795918355
159,1062.5263605045875,185.04743085963617,2024-03-02,Electronics,1.7931255235146095,A170,,,,,3,5,344.8334363330903,172.41671816654514,185.04743085963617,185.04743085963617,
159,1062.5263605045875,185.04743085963617,2024-03-02,Electronics,1.7931255235146095,A176,Facebook,0.40816326530612224,0.575,Negative,3,5,185.04743085963617,185.04743085963617,185.04743085963617,185.04743085963617,0.4748979591836733
159,1062.5263605045875,185.04743085963617,2024-03-02,Electronics,1.7931255235146095,A188,TikTok,0.0,0.65,Positive,3,5,671.5258482391662,335.7629241195831,356.15787010878364,178.07893505439182,0.26
169,1062.8256110153966,366.2266310869822,2024-03-03,Books,1.321291844997268,A117,LinkedIn,0.9795918367346936,0.7,Neutral,3,6,732.4532621739644,366.2266310869822,732.4532621739644,366.2266310869822,0.8677551020408161
169,1062.8256110153966,366.2266310869822,2024-03-03,Books,1.321291844997268,A117,LinkedIn,0.5714285714285712,0.725,Neutral,3,6,732.4532621739644,366.2266310869822,732.4532621739644,366.2266310869822,0.6328571428571427
106,1064.779929069933,274.5111319793815,2024-03-05,Books,1.1027361254036792,A102,LinkedIn,0.020408163265305923,0.95,Neutral,3,1,1717.2697537404626,429.31743843511566,274.5111319793815,274.5111319793815,0.39224489795918355
106,1064.779929069933,274.5111319793815,2024-03-05,Books,1.1027361254036792,A121,LinkedIn,0.4897959183673468,0.625,Positive,3,1,549.022263958763,274.5111319793815,549.022263958763,274.5111319793815,0.5438775510204081
106,1064.779929069933,274.5111319793815,2024-03-05,Books,1.1027361254036792,A121,TikTok,0.9183673469387754,0.55,Neutral,3,1,549.022263958763,274.5111319793815,549.022263958763,274.5111319793815,0.7710204081632652
146,1066.0783097515812,354.3026666815141,2024-03-06,Groceries,1.4090919026530808,A196,Instagram,0.7142857142857142,0.725,Negative,3,2,1238.8419012333457,309.7104753083364,1599.3617482798113,399.8404370699528,0.7185714285714284
146,1066.0783097515812,354.3026666815141,2024-03-06,Groceries,1.4090919026530808,A106,Facebook,0.9999999999999998,0.8,Negative,3,2,587.1801635576662,293.5900817788331,354.3026666815141,354.3026666815141,0.9199999999999999
146,1066.0783097515812,354.3026666815141,2024-03-06,Groceries,1.4090919026530808,A113,Facebook,0.9795918367346936,0.42500000000000004,Neutral,3,2,1174.3603271153324,293.5900817788331,708.6053333630282,354.3026666815141,0.7577551020408162
146,1066.0783097515812,354.3026666815141,2024-03-06,Groceries,1.4090919026530808,A113,Instagram,0.0,0.0,Positive,3,2,1174.3603271153324,293.5900817788331,708.6053333630282,354.3026666815141,0.0
134,1066.0140723882955,283.6135439402908,2024-03-07,Sports,3.694803736968304,A120,Facebook,0.6734693877551019,0.09999999999999998,Positive,3,3,850.8406318208724,283.6135439402908,850.8406318208724,283.6135439402908,0.4440816326530611
134,1066.0140723882955,283.6135439402908,2024-03-07,Sports,3.694803736968304,A120,Instagram,0.12244897959183665,0.5,Positive,3,3,850.8406318208724,283.6135439402908,850.8406318208724,283.6135439402908,0.273469387755102
134,1066.0140723882955,283.6135439402908,2024-03-07,Sports,3.694803736968304,A120,Instagram,0.857142857142857,0.65,Positive,3,3,850.8406318208724,283.6135439402908,850.8406318208724,283.6135439402908,0.7742857142857141
176,1068.8622618772142,221.60150035538808,2024-03-08,Groceries,1.2756481879934216,A160,TikTok,0.12244897959183665,0.4,Positive,3,4,664.8045010661642,221.60150035538808,664.8045010661642,221.60150035538808,0.233469387755102
176,1068.8622618772142,221.60150035538808,2024-03-08,Groceries,1.2756481879934216,A160,LinkedIn,0.46938775510204067,0.25,Neutral,3,4,664.8045010661642,221.60150035538808,664.8045010661642,221.60150035538808,0.3816326530612244
176,1068.8622618772142,221.60150035538808,2024-03-08,Groceries,1.2756481879934216,A160,Instagram,0.7959183673469385,0.475,Neutral,3,4,664.8045010661642,221.60150035538808,664.8045010661642,221.60150035538808,0.6675510204081632
176,1068.8622618772142,221.60150035538808,2024-03-08,Groceries,1.2756481879934216,A199,LinkedIn,0.1428571428571428,0.2,Positive,3,4,221.60150035538808,221.60150035538808,221.60150035538808,221.60150035538808,0.1657142857142857
179,1068.9492769430135,199.15142359284943,2024-03-09,Electronics,2.3087332451079794,A111,Instagram,0.9795918367346936,0.7749999999999999,Negative,3,5,199.15142359284943,199.15142359284943,1117.0956219743384,279.2739054935846,0.8977551020408161
179,1068.9492769430135,199.15142359284943,2024-03-09,Electronics,2.3087332451079794,A174,Facebook,0.9183673469387754,0.475,Neutral,3,5,398.30284718569885,199.15142359284943,2985.2798718095673,298.52798718095676,0.7410204081632652
179,1068.9492769430135,199.15142359284943,2024-03-09,Electronics,2.3087332451079794,A174,TikTok,0.2857142857142856,0.7,Positive,3,5,398.30284718569885,199.15142359284943,2985.2798718095673,298.52798718095676,0.4514285714285713
135,1069.277555538352,364.9272570385043,2024-03-10,Electronics,2.21129827298877,A129,Twitter,0.08163265306122436,0.875,Neutral,3,6,364.9272570385043,364.9272570385043,364.9272570385043,364.9272570385043,0.39897959183673465
103,1071.8311946697556,209.50488250249708,2024-03-12,Sports,4.281048855251039,A194,LinkedIn,0.7959183673469385,0.75,Negative,3,1,374.30466396629,187.152331983145,437.68602629993063,218.84301314996532,0.7775510204081632
104,1073.596738644278,282.62044036617664,2024-03-14,Books,1.515966905023886,A192,Instagram,0.204081632653061,0.825,Positive,3,3,490.8630032980144,245.4315016490072,1047.6301683678603,261.90754209196507,0.4524489795918366
191,1077.8219043432653,490.43459975774726,2024-03-18,Books,3.9019792689123647,A114,Facebook,0.7551020408163263,0.95,Negative,3,0,1442.7586217610813,480.9195405870271,1475.155020585356,491.7183401951186,0.8330612244897957
191,1077.8219043432653,490.43459975774726,2024-03-18,Books,3.9019792689123647,A102,LinkedIn,0.020408163265305923,0.95,Neutral,3,0,1717.2697537404626,429.31743843511566,982.7560199592292,491.3780099796146,0.39224489795918355
162,1078.7763069450148,102.46608812111184,2024-03-19,Books,4.216808746706912,A126,TikTok,0.510204081632653,0.525,Neutral,3,1,204.93217624222368,102.46608812111184,1196.5120345868334,299.12800864670834,0.5161224489795918
162,1078.7763069450148,102.46608812111184,2024-03-19,Books,4.216808746706912,A126,Facebook,0.9795918367346936,0.825,Negative,3,1,204.93217624222368,102.46608812111184,1196.5120345868334,299.12800864670834,0.9177551020408161
162,1078.7763069450148,102.46608812111184,2024-03-19,Books,4.216808746706912,A110,,,,,3,1,333.38737571690854,111.12912523896951,1529.4640114269846,305.8928022853969,
162,1078.7763069450148,102.46608812111184,2024-03-19,Books,4.216808746706912,A110,,,,,3,1,333.38737571690854,111.12912523896951,1529.4640114269846,305.8928022853969,
116,1079.949014345919,318.8330596192741,2024-03-20,Electronics,2.11588915946331,A171,,,,,3,2,318.8330596192741,318.8330596192741,623.579353191029,311.7896765955145,
116,1079.949014345919,318.8330596192741,2024-03-20,Electronics,2.11588915946331,A178,LinkedIn,0.4897959183673468,0.9750000000000001,Positive,3,2,1435.8571952781845,239.30953254636407,956.4991788578222,318.8330596192741,0.6838775510204081
116,1079.949014345919,318.8330596192741,2024-03-20,Electronics,2.11588915946331,A178,LinkedIn,0.06122448979591821,0.125,Neutral,3,2,1435.8571952781845,239.30953254636407,956.4991788578222,318.8330596192741,0.08673469387755092
116,1079.949014345919,318.8330596192741,2024-03-20,Electronics,2.11588915946331,A178,TikTok,0.36734693877551017,0.625,Negative,3,2,1435.8571952781845,239.30953254636407,956.4991788578222,318.8330596192741,0.4704081632653061
116,1079.949014345919,318.8330596192741,2024-03-20,Electronics,2.11588915946331,A185,TikTok,0.8163265306122447,0.6,Neutral,3,2,3221.2459079952164,402.65573849940205,3221.2459079952164,402.65573849940205,0.7297959183673468
116,1079.949014345919,318.8330596192741,2024-03-20,Electronics,2.11588915946331,A185,Facebook,0.5714285714285712,0.35,Positive,3,2,3221.2459079952164,402.65573849940205,3221.2459079952164,402.65573849940205,0.48285714285714265
116,1079.949014345919,318.8330596192741,2024-03-20,Electronics,2.11588915946331,A185,TikTok,0.18367346938775508,0.65,Positive,3,2,3221.2459079952164,402.65573849940205,3221.2459079952164,402.65573849940205,0.37020408163265306
116,1079.949014345919,318.8330596192741,2024-03-20,Electronics,2.11588915946331,A185,TikTok,0.0,0.125,Negative,3,2,3221.2459079952164,402.65573849940205,3221.2459079952164,402.65573849940205,0.05
189,1081.3846458291416,343.3008437451118,2024-03-21,Books,3.709720788095513,A173,TikTok,0.26530612244897944,0.825,Negative,3,3,686.6016874902236,343.3008437451118,686.6016874902236,343.3008437451118,0.4891836734693877
189,1081.3846458291416,343.3008437451118,2024-03-21,Books,3.709720788095513,A173,Facebook,0.5714285714285712,0.725,Negative,3,3,686.6016874902236,343.3008437451118,686.6016874902236,343.3008437451118,0.6328571428571427
161,1085.0119029952746,148.63265749175025,2024-03-25,Sports,2.7005394355852093,A118,Facebook,0.5306122448979591,0.725,Negative,3,0,148.63265749175025,148.63265749175025,148.63265749175025,148.63265749175025,0.6083673469387754
199,1087.0260934575886,159.7860054734541,2024-03-26,Books,2.498287653828008,A178,LinkedIn,0.4897959183673468,0.9750000000000001,Positive,3,1,1435.8571952781845,239.30953254636407,479.35801642036233,159.7860054734541,0.6838775510204081
199,1087.0260934575886,159.7860054734541,2024-03-26,Books,2.498287653828008,A178,LinkedIn,0.06122448979591821,0.125,Neutral,3,1,1435.8571952781845,239.30953254636407,479.35801642036233,159.7860054734541,0.08673469387755092
199,1087.0260934575886,159.7860054734541,2024-03-26,Books,2.498287653828008,A178,TikTok,0.36734693877551017,0.625,Negative,3,1,1435.8571952781845,239.30953254636407,479.35801642036233,159.7860054734541,0.4704081632653061
199,1087.0260934575886,159.7860054734541,2024-03-26,Books,2.498287653828008,A170,,,,,3,1,344.8334363330903,172.41671816654514,314.38644085604227,104.79548028534742,
199,1087.0260934575886,159.7860054734541,2024-03-26,Books,2.498287653828008,A116,Twitter,0.5714285714285712,0.025000000000000022,Negative,3,1,798.9300273672706,159.7860054734541,3122.6557956518313,312.26557956518315,0.3528571428571427
199,1087.0260934575886,159.7860054734541,2024-03-26,Books,2.498287653828008,A116,LinkedIn,0.7959183673469385,0.35,Neutral,3,1,798.9300273672706,159.7860054734541,3122.6557956518313,312.26557956518315,0.6175510204081631
199,1087.0260934575886,159.7860054734541,2024-03-26,Books,2.498287653828008,A116,Instagram,0.6326530612244896,0.8999999999999999,Neutral,3,1,798.9300273672706,159.7860054734541,3122.6557956518313,312.26557956518315,0.7395918367346938
199,1087.0260934575886,159.7860054734541,2024-03-26,Books,2.498287653828008,A116,TikTok,0.6734693877551019,0.04999999999999999,Negative,3,1,798.9300273672706,159.7860054734541,3122.6557956518313,312.26557956518315,0.42408163265306115
199,1087.0260934575886,159.7860054734541,2024-03-26,Books,2.498287653828008,A116,Twitter,0.5714285714285712,0.025000000000000022,Negative,3,1,798.9300273672706,159.7860054734541,3122.6557956518313,312.26557956518315,0.3528571428571427
113,1087.4609110199074,489.98514877692674,2024-03-27,Books,4.105850788592591,A196,Instagram,0.7142857142857142,0.725,Negative,3,2,1238.8419012333457,309.7104753083364,1599.3617482798113,399.8404370699528,0.7185714285714284
194,1087.6304904606798,128.45519947468486,2024-03-28,Electronics,2.3974607999043958,A110,,,,,3,3,333.38737571690854,111.12912523896951,817.4019231923004,272.4673077307668,
146,1089.0599224350378,232.8774968761521,2024-03-29,Groceries,3.1951896654226117,A196,Instagram,0.7142857142857142,0.725,Negative,3,4,1238.8419012333457,309.7104753083364,388.9706420921916,194.4853210460958,0.7185714285714284
146,1089.0599224350378,232.8774968761521,2024-03-29,Groceries,3.1951896654226117,A106,Facebook,0.9999999999999998,0.8,Negative,3,4,587.1801635576662,293.5900817788331,388.9706420921916,194.4853210460958,0.9199999999999999
146,1089.0599224350378,232.8774968761521,2024-03-29,Groceries,3.1951896654226117,A113,Facebook,0.9795918367346936,0.42500000000000004,Neutral,3,4,1174.3603271153324,293.5900817788331,777.9412841843832,194.4853210460958,0.7577551020408162
146,1089.0599224350378,232.8774968761521,2024-03-29,Groceries,3.1951896654226117,A113,Instagram,0.0,0.0,Positive,3,4,1174.3603271153324,293.5900817788331,777.9412841843832,194.4853210460958,0.0
113,1089.788272136971,161.67658889875284,2024-03-30,Clothing,4.417677015234825,A196,Instagram,0.7142857142857142,0.725,Negative,3,5,1238.8419012333457,309.7104753083364,161.67658889875284,161.67658889875284,0.7185714285714284
170,1091.060681132174,51.13672055117231,2024-03-31,Electronics,2.7105548889998494,A181,Twitter,0.3265306122448979,0.275,Positive,3,6,51.13672055117231,51.13672055117231,161.40873413698876,80.70436706849438,0.3059183673469387
177,1092.25414573035,179.72381311073897,2024-04-01,Clothing,4.011623597952771,A183,TikTok,0.8163265306122447,0.7749999999999999,Positive,4,0,359.44762622147795,179.72381311073897,359.44762622147795,179.72381311073897,0.7997959183673469
177,1092.25414573035,179.72381311073897,2024-04-01,Clothing,4.011623597952771,A183,TikTok,0.4489795918367345,1.0,Positive,4,0,359.44762622147795,179.72381311073897,359.44762622147795,179.72381311073897,0.6693877551020407
177,1092.25414573035,179.72381311073897,2024-04-01,Clothing,4.011623597952771,A174,Facebook,0.9183673469387754,0.475,Neutral,4,0,2195.336022984456,274.417002873057,359.44762622147795,179.72381311073897,0.7410204081632652
177,1092.25414573035,179.72381311073897,2024-04-01,Clothing,4.011623597952771,A174,TikTok,0.2857142857142856,0.7,Positive,4,0,2195.336022984456,274.417002873057,359.44762622147795,179.72381311073897,0.4514285714285713
138,1095.0539850683783,392.6239688710824,2024-04-04,Clothing,4.6120130721112815,A124,TikTok,0.510204081632653,0.8999999999999999,Neutral,4,3,4334.956887308071,361.24640727567254,5992.435645241358,399.4957096827572,0.6661224489795918
138,1095.0539850683783,392.6239688710824,2024-04-04,Clothing,4.6120130721112815,A124,Facebook,0.9183673469387754,0.675,Positive,4,3,4334.956887308071,361.24640727567254,5992.435645241358,399.4957096827572,0.8210204081632653
138,1095.0539850683783,392.6239688710824,2024-04-04,Clothing,4.6120130721112815,A124,LinkedIn,0.5510204081632653,0.55,Positive,4,3,4334.956887308071,361.24640727567254,5992.435645241358,399.4957096827572,0.5506122448979591
138,1095.0539850683783,392.6239688710824,2024-04-04,Clothing,4.6120130721112815,A147,Twitter,0.5510204081632653,0.125,Neutral,4,3,392.6239688710824,392.6239688710824,392.6239688710824,392.6239688710824,0.38061224489795914
138,1095.0539850683783,392.6239688710824,2024-04-04,Clothing,4.6120130721112815,A107,Twitter,0.9387755102040816,0.22499999999999998,Neutral,4,3,1177.8719066132471,392.62396887108235,1177.8719066132471,392.62396887108235,0.6532653061224489
138,1095.0539850683783,392.6239688710824,2024-04-04,Clothing,4.6120130721112815,A107,Facebook,0.2448979591836733,0.8500000000000001,Positive,4,3,1177.8719066132471,392.62396887108235,1177.8719066132471,392.62396887108235,0.48693877551020404
138,1095.0539850683783,392.6239688710824,2024-04-04,Clothing,4.6120130721112815,A107,Twitter,0.46938775510204067,0.8,Positive,4,3,1177.8719066132471,392.62396887108235,1177.8719066132471,392.62396887108235,0.6016326530612244
178,1096.749591534561,271.55148713492554,2024-04-06,Groceries,4.293081295641554,A132,LinkedIn,0.26530612244897944,0.575,Positive,4,5,1088.905541708752,272.226385427188,1088.905541708752,272.226385427188,0.38918367346938765
178,1096.749591534561,271.55148713492554,2024-04-06,Groceries,4.293081295641554,A114,Facebook,0.7551020408163263,0.95,Negative,4,5,811.7858411671509,270.5952803890503,811.7858411671509,270.5952803890503,0.8330612244897957
178,1096.749591534561,271.55148713492554,2024-04-06,Groceries,4.293081295641554,A132,LinkedIn,0.26530612244897944,0.575,Positive,4,5,1088.905541708752,272.226385427188,1088.905541708752,272.226385427188,0.38918367346938765
180,1098.94685323218,435.2237393623492,2024-04-07,Clothing,1.409997275244306,A131,LinkedIn,0.7551020408163263,0.5,Positive,4,6,435.2237393623492,435.2237393623492,824.103394020198,412.051697010099,0.6530612244897958
180,1098.94685323218,435.2237393623492,2024-04-07,Clothing,1.409997275244306,A121,LinkedIn,0.4897959183673468,0.625,Positive,4,6,1714.974573567198,428.7436433917995,2213.430503380321,368.9050838967202,0.5438775510204081
180,1098.94685323218,435.2237393623492,2024-04-07,Clothing,1.409997275244306,A121,TikTok,0.9183673469387754,0.55,Neutral,4,6,1714.974573567198,428.7436433917995,2213.430503380321,368.9050838967202,0.7710204081632652
152,1098.866242327006,449.7757546348634,2024-04-08,Clothing,4.589018118099874,A152,Facebook,0.9183673469387754,0.7749999999999999,Positive,4,0,899.5515092697268,449.7757546348634,899.5515092697268,449.7757546348634,0.8610204081632653
152,1098.866242327006,449.7757546348634,2024-04-08,Clothing,4.589018118099874,A152,Instagram,0.6326530612244896,0.8,Positive,4,0,899.5515092697268,449.7757546348634,899.5515092697268,449.7757546348634,0.6995918367346938
152,1098.866242327006,449.7757546348634,2024-04-08,Clothing,4.589018118099874,A145,Twitter,0.857142857142857,0.35,Neutral,4,0,449.7757546348634,449.7757546348634,449.7757546348634,449.7757546348634,0.6542857142857141
125,1101.4437410026333,179.0724738658319,2024-04-10,Electronics,3.2596014528081194,A166,Instagram,0.8163265306122447,0.7,Neutral,4,2,1074.4348431949916,179.07247386583194,1074.4348431949916,179.07247386583194,0.7697959183673468
125,1101.4437410026333,179.0724738658319,2024-04-10,Electronics,3.2596014528081194,A166,Instagram,0.4897959183673468,0.825,Neutral,4,2,1074.4348431949916,179.07247386583194,1074.4348431949916,179.07247386583194,0.6238775510204081
125,1101.4437410026333,179.0724738658319,2024-04-10,Electronics,3.2596014528081194,A166,TikTok,0.12244897959183665,0.125,Neutral,4,2,1074.4348431949916,179.07247386583194,1074.4348431949916,179.07247386583194,0.123469387755102
125,1101.4437410026333,179.0724738658319,2024-04-10,Electronics,3.2596014528081194,A166,Instagram,0.8163265306122447,0.7,Neutral,4,2,1074.4348431949916,179.07247386583194,1074.4348431949916,179.07247386583194,0.7697959183673468
125,1101.4437410026333,179.0724738658319,2024-04-10,Electronics,3.2596014528081194,A166,Instagram,0.4897959183673468,0.825,Neutral,4,2,1074.4348431949916,179.07247386583194,1074.4348431949916,179.07247386583194,0.6238775510204081
125,1101.4437410026333,179.0724738658319,2024-04-10,Electronics,3.2596014528081194,A166,TikTok,0.12244897959183665,0.125,Neutral,4,2,1074.4348431949916,179.07247386583194,1074.4348431949916,179.07247386583194,0.123469387755102
188,1102.0725913346057,100.53706389505236,2024-04-11,Electronics,4.612958196731017,A192,Instagram,0.204081632653061,0.825,Positive,4,3,100.53706389505236,100.53706389505236,1047.6301683678603,261.90754209196507,0.4524489795918366
159,1102.8500079650894,221.5939957928921,2024-04-12,Electronics,1.3917874348101922,A170,,,,,4,4,221.5939957928921,221.5939957928921,342.77846908324875,114.25948969441625,
159,1102.8500079650894,221.5939957928921,2024-04-12,Electronics,1.3917874348101922,A176,Facebook,0.40816326530612224,0.575,Negative,4,4,221.5939957928921,221.5939957928921,342.77846908324875,114.25948969441625,0.4748979591836733
159,1102.8500079650894,221.5939957928921,2024-04-12,Electronics,1.3917874348101922,A188,TikTok,0.0,0.65,Positive,4,4,221.5939957928921,221.5939957928921,342.77846908324875,114.25948969441625,0.26
139,1103.098829977625,267.333070312775,2024-04-13,Groceries,2.299172974758691,A157,,,,,4,5,267.333070312775,267.333070312775,267.333070312775,267.333070312775,
139,1103.098829977625,267.333070312775,2024-04-13,Groceries,2.299172974758691,A114,Facebook,0.7551020408163263,0.95,Negative,4,5,811.7858411671509,270.5952803890503,811.7858411671509,270.5952803890503,0.8330612244897957
139,1103.098829977625,267.333070312775,2024-04-13,Groceries,2.299172974758691,A117,LinkedIn,0.9795918367346936,0.7,Neutral,4,5,1509.8753779742638,377.46884449356594,534.66614062555,267.333070312775,0.8677551020408161
139,1103.098829977625,267.333070312775,2024-04-13,Groceries,2.299172974758691,A117,LinkedIn,0.5714285714285712,0.725,Neutral,4,5,1509.8753779742638,377.46884449356594,534.66614062555,267.333070312775,0.6328571428571427
127,1105.2712820453708,209.9425216510165,2024-04-14,Books,4.814377775378519,A144,Twitter,0.40816326530612224,0.07500000000000001,Positive,4,6,627.2395652499763,209.07985508332544,627.2395652499763,209.07985508332544,0.2748979591836733
114,1105.5312539236447,244.9937368348528,2024-04-15,Clothing,4.780124768254843,A171,,,,,4,0,1297.3553970664607,324.33884926661517,536.6445227715658,268.3222613857829,
144,1106.6924236480486,464.7451536569122,2024-04-16,Clothing,3.32268596458139,A116,Twitter,0.5714285714285712,0.025000000000000022,Negative,4,1,2323.725768284561,464.74515365691224,3122.6557956518313,312.26557956518315,0.3528571428571427
144,1106.6924236480486,464.7451536569122,2024-04-16,Clothing,3.32268596458139,A116,LinkedIn,0.7959183673469385,0.35,Neutral,4,1,2323.725768284561,464.74515365691224,3122.6557956518313,312.26557956518315,0.6175510204081631
144,1106.6924236480486,464.7451536569122,2024-04-16,Clothing,3.32268596458139,A116,Instagram,0.6326530612244896,0.8999999999999999,Neutral,4,1,2323.725768284561,464.74515365691224,3122.6557956518313,312.26557956518315,0.7395918367346938
144,1106.6924236480486,464.7451536569122,2024-04-16,Clothing,3.32268596458139,A116,TikTok,0.6734693877551019,0.04999999999999999,Negative,4,1,2323.725768284561,464.74515365691224,3122.6557956518313,312.26557956518315,0.42408163265306115
144,1106.6924236480486,464.7451536569122,2024-04-16,Clothing,3.32268596458139,A116,Twitter,0.5714285714285712,0.025000000000000022,Negative,4,1,2323.725768284561,464.74515365691224,3122.6557956518313,312.26557956518315,0.3528571428571427
144,1106.6924236480486,464.7451536569122,2024-04-16,Clothing,3.32268596458139,A163,TikTok,0.06122448979591821,0.75,Neutral,4,1,929.4903073138244,464.7451536569122,929.4903073138244,464.7451536569122,0.33673469387755095
144,1106.6924236480486,464.7451536569122,2024-04-16,Clothing,3.32268596458139,A163,TikTok,0.9387755102040816,0.55,Neutral,4,1,929.4903073138244,464.7451536569122,929.4903073138244,464.7451536569122,0.783265306122449
164,1108.3523876589618,296.3986529620448,2024-04-17,Groceries,3.499352073752856,A119,,,,,4,2,296.3986529620448,296.3986529620448,741.4558521441912,370.7279260720956,
187,1109.0748852750007,373.5444865272583,2024-04-18,Clothing,2.773938331841992,A124,TikTok,0.510204081632653,0.8999999999999999,Neutral,4,3,4334.956887308071,361.24640727567254,5992.435645241358,399.4957096827572,0.6661224489795918
187,1109.0748852750007,373.5444865272583,2024-04-18,Clothing,2.773938331841992,A124,Facebook,0.9183673469387754,0.675,Positive,4,3,4334.956887308071,361.24640727567254,5992.435645241358,399.4957096827572,0.8210204081632653
187,1109.0748852750007,373.5444865272583,2024-04-18,Clothing,2.773938331841992,A124,LinkedIn,0.5510204081632653,0.55,Positive,4,3,4334.956887308071,361.24640727567254,5992.435645241358,399.4957096827572,0.5506122448979591
187,1109.0748852750007,373.5444865272583,2024-04-18,Clothing,2.773938331841992,A171,,,,,4,3,1297.3553970664607,324.33884926661517,1604.8545795427035,401.2136448856759,
169,1109.2710982008164,487.60461867435686,2024-04-19,Electronics,1.3932179473877913,A117,LinkedIn,0.9795918367346936,0.7,Neutral,4,4,1509.8753779742638,377.46884449356594,975.2092373487137,487.60461867435686,0.8677551020408161
169,1109.2710982008164,487.60461867435686,2024-04-19,Electronics,1.3932179473877913,A117,LinkedIn,0.5714285714285712,0.725,Neutral,4,4,1509.8753779742638,377.46884449356594,975.2092373487137,487.60461867435686,0.6328571428571427
186,1112.1146890261882,231.774423685541,2024-04-21,Sports,3.6902712729280487,A160,TikTok,0.12244897959183665,0.4,Positive,4,6,695.323271056623,231.774423685541,695.323271056623,231.774423685541,0.233469387755102
186,1112.1146890261882,231.774423685541,2024-04-21,Sports,3.6902712729280487,A160,LinkedIn,0.46938775510204067,0.25,Neutral,4,6,695.323271056623,231.774423685541,695.323271056623,231.774423685541,0.3816326530612244
186,1112.1146890261882,231.774423685541,2024-04-21,Sports,3.6902712729280487,A160,Instagram,0.7959183673469385,0.475,Neutral,4,6,695.323271056623,231.774423685541,695.323271056623,231.774423685541,0.6675510204081632
187,1114.481824250796,304.74629357175496,2024-04-24,Sports,4.181029211279621,A124,TikTok,0.510204081632653,0.8999999999999999,Neutral,4,2,4334.956887308071,361.24640727567254,914.2388807152649,304.74629357175496,0.6661224489795918
187,1114.481824250796,304.74629357175496,2024-04-24,Sports,4.181029211279621,A124,Facebook,0.9183673469387754,0.675,Positive,4,2,4334.956887308071,361.24640727567254,914.2388807152649,304.74629357175496,0.8210204081632653
187,1114.481824250796,304.74629357175496,2024-04-24,Sports,4.181029211279621,A124,LinkedIn,0.5510204081632653,0.55,Positive,4,2,4334.956887308071,361.24640727567254,914.2388807152649,304.74629357175496,0.5506122448979591
187,1114.481824250796,304.74629357175496,2024-04-24,Sports,4.181029211279621,A171,,,,,4,2,1297.3553970664607,324.33884926661517,623.579353191029,311.7896765955145,
162,1116.1058379236092,344.4733618588078,2024-04-25,Books,1.3806771189108342,A126,TikTok,0.510204081632653,0.525,Neutral,4,3,688.9467237176156,344.4733618588078,688.9467237176156,344.4733618588078,0.5161224489795918
162,1116.1058379236092,344.4733618588078,2024-04-25,Books,1.3806771189108342,A126,Facebook,0.9795918367346936,0.825,Negative,4,3,688.9467237176156,344.4733618588078,688.9467237176156,344.4733618588078,0.9177551020408161
162,1116.1058379236092,344.4733618588078,2024-04-25,Books,1.3806771189108342,A110,,,,,4,3,688.9467237176156,344.4733618588078,817.4019231923004,272.4673077307668,
162,1116.1058379236092,344.4733618588078,2024-04-25,Books,1.3806771189108342,A110,,,,,4,3,688.9467237176156,344.4733618588078,817.4019231923004,272.4673077307668,
109,1116.3251345253805,328.88651968835654,2024-04-26,Sports,2.997593229256529,A102,LinkedIn,0.020408163265305923,0.95,Neutral,4,4,751.1500671096063,375.57503355480316,1185.106295693467,395.0354318978223,0.39224489795918355
109,1116.3251345253805,328.88651968835654,2024-04-26,Sports,2.997593229256529,A191,Facebook,0.857142857142857,0.275,Positive,4,4,328.88651968835654,328.88651968835654,328.88651968835654,328.88651968835654,0.6242857142857141
179,1118.849739855559,373.554095227513,2024-04-27,Electronics,1.1900621506361924,A111,Instagram,0.9795918367346936,0.7749999999999999,Negative,4,5,917.9441983814891,305.98139946049633,1117.0956219743384,279.2739054935846,0.8977551020408161
179,1118.849739855559,373.554095227513,2024-04-27,Electronics,1.1900621506361924,A174,Facebook,0.9183673469387754,0.475,Neutral,4,5,2195.336022984456,274.417002873057,2985.2798718095673,298.52798718095676,0.7410204081632652
179,1118.849739855559,373.554095227513,2024-04-27,Electronics,1.1900621506361924,A174,TikTok,0.2857142857142856,0.7,Positive,4,5,2195.336022984456,274.417002873057,2985.2798718095673,298.52798718095676,0.4514285714285713
106,1119.7138246211168,422.26354742124977,2024-04-28,Sports,3.197980270479728,A102,LinkedIn,0.020408163265305923,0.95,Neutral,4,6,751.1500671096063,375.57503355480316,671.4915123278115,335.74575616390575,0.39224489795918355
106,1119.7138246211168,422.26354742124977,2024-04-28,Sports,3.197980270479728,A121,LinkedIn,0.4897959183673468,0.625,Positive,4,6,1714.974573567198,428.7436433917995,2213.430503380321,368.9050838967202,0.5438775510204081
106,1119.7138246211168,422.26354742124977,2024-04-28,Sports,3.197980270479728,A121,TikTok,0.9183673469387754,0.55,Neutral,4,6,1714.974573567198,428.7436433917995,2213.430503380321,368.9050838967202,0.7710204081632652
134,1120.8279517580322,246.62590408756023,2024-04-30,Sports,4.584946050514364,A120,Facebook,0.6734693877551019,0.09999999999999998,Positive,4,1,739.8777122626807,246.62590408756023,739.8777122626807,246.62590408756023,0.4440816326530611
134,1120.8279517580322,246.62590408756023,2024-04-30,Sports,4.584946050514364,A120,Instagram,0.12244897959183665,0.5,Positive,4,1,739.8777122626807,246.62590408756023,739.8777122626807,246.62590408756023,0.273469387755102
134,1120.8279517580322,246.62590408756023,2024-04-30,Sports,4.584946050514364,A120,Instagram,0.857142857142857,0.65,Positive,4,1,739.8777122626807,246.62590408756023,739.8777122626807,246.62590408756023,0.7742857142857141
131,1121.8100848587708,445.0571991821464,2024-05-01,Clothing,2.3883248232916263,A119,,,,,5,2,802.5349887307833,401.26749436539166,741.4558521441912,370.7279260720956,
131,1121.8100848587708,445.0571991821464,2024-05-01,Clothing,2.3883248232916263,A197,Twitter,0.857142857142857,0.32499999999999996,Neutral,5,2,890.1143983642928,445.0571991821464,890.1143983642928,445.0571991821464,0.6442857142857141
131,1121.8100848587708,445.0571991821464,2024-05-01,Clothing,2.3883248232916263,A197,LinkedIn,0.1428571428571428,0.475,Neutral,5,2,890.1143983642928,445.0571991821464,890.1143983642928,445.0571991821464,0.2757142857142857
131,1121.8100848587708,445.0571991821464,2024-05-01,Clothing,2.3883248232916263,A183,TikTok,0.8163265306122447,0.7749999999999999,Positive,5,2,1239.6399190957886,309.90997977394716,890.1143983642928,445.0571991821464,0.7997959183673469
131,1121.8100848587708,445.0571991821464,2024-05-01,Clothing,2.3883248232916263,A183,TikTok,0.4489795918367345,1.0,Positive,5,2,1239.6399190957886,309.90997977394716,890.1143983642928,445.0571991821464,0.6693877551020407
103,1122.722907991797,291.5007589572354,2024-05-02,Clothing,1.5133757810912634,A194,LinkedIn,0.7959183673469385,0.75,Negative,5,3,291.5007589572354,291.5007589572354,291.5007589572354,291.5007589572354,0.7775510204081632
140,1123.7478674354193,191.25845514943907,2024-05-03,Groceries,1.5999835400988658,A145,Twitter,0.857142857142857,0.35,Neutral,5,4,733.9023142202118,244.6341047400706,191.25845514943907,191.25845514943907,0.6542857142857141
126,1124.6463984860914,143.94687322517385,2024-05-04,Electronics,4.01424282699363,A145,Twitter,0.857142857142857,0.35,Neutral,5,5,733.9023142202118,244.6341047400706,238.09269750409337,119.04634875204668,0.6542857142857141
126,1124.6463984860914,143.94687322517385,2024-05-04,Electronics,4.01424282699363,A187,LinkedIn,0.9591836734693875,0.8500000000000001,Negative,5,5,431.84061967552157,143.94687322517385,1618.144878678791,269.6908131131318,0.9155102040816325
126,1124.6463984860914,143.94687322517385,2024-05-04,Electronics,4.01424282699363,A187,Instagram,0.4285714285714284,0.375,Neutral,5,5,431.84061967552157,143.94687322517385,1618.144878678791,269.6908131131318,0.40714285714285703
126,1124.6463984860914,143.94687322517385,2024-05-04,Electronics,4.01424282699363,A187,Twitter,0.7959183673469385,0.07500000000000001,Negative,5,5,431.84061967552157,143.94687322517385,1618.144878678791,269.6908131131318,0.5075510204081631
126,1124.6463984860914,143.94687322517385,2024-05-04,Electronics,4.01424282699363,A105,LinkedIn,0.0,0.9750000000000001,Neutral,5,5,1875.3571126951724,312.55951878252876,287.8937464503477,143.94687322517385,0.39000000000000007
126,1124.6463984860914,143.94687322517385,2024-05-04,Electronics,4.01424282699363,A105,Instagram,0.04081632653061207,0.65,Neutral,5,5,1875.3571126951724,312.55951878252876,287.8937464503477,143.94687322517385,0.28448979591836726
106,1126.2433872508784,249.22796490656168,2024-05-05,Clothing,3.5004139532163565,A102,LinkedIn,0.020408163265305923,0.95,Neutral,5,6,249.22796490656168,249.22796490656168,671.4915123278115,335.74575616390575,0.39224489795918355
106,1126.2433872508784,249.22796490656168,2024-05-05,Clothing,3.5004139532163565,A121,LinkedIn,0.4897959183673468,0.625,Positive,5,6,498.45592981312336,249.22796490656168,2213.430503380321,368.9050838967202,0.5438775510204081
106,1126.2433872508784,249.22796490656168,2024-05-05,Clothing,3.5004139532163565,A121,TikTok,0.9183673469387754,0.55,Neutral,5,6,498.45592981312336,249.22796490656168,2213.430503380321,368.9050838967202,0.7710204081632652
111,1128.4166348518688,374.3765448248471,2024-05-08,Clothing,3.803747758261184,A137,LinkedIn,0.8775510204081631,0.625,Neutral,5,2,1542.4847727721067,385.62119319302667,748.7530896496942,374.3765448248471,0.7765306122448978
111,1128.4166348518688,374.3765448248471,2024-05-08,Clothing,3.803747758261184,A137,TikTok,0.9999999999999998,0.525,Positive,5,2,1542.4847727721067,385.62119319302667,748.7530896496942,374.3765448248471,0.8099999999999998
111,1128.4166348518688,374.3765448248471,2024-05-08,Clothing,3.803747758261184,A179,Twitter,0.0,0.5,Negative,5,2,674.9598932014163,337.47994660070816,374.3765448248471,374.3765448248471,0.2
132,1130.457057671833,397.3992555341984,2024-05-09,Electronics,1.3357561590422733,A134,,,,,5,3,706.0019064294572,353.0009532147286,459.31049071078945,229.65524535539473,
132,1130.457057671833,397.3992555341984,2024-05-09,Electronics,1.3357561590422733,A189,LinkedIn,0.5714285714285712,0.42500000000000004,Negative,5,3,3530.0095321472863,353.0009532147286,2296.552453553947,229.6552453553947,0.5128571428571427
132,1130.457057671833,397.3992555341984,2024-05-09,Electronics,1.3357561590422733,A189,TikTok,0.9999999999999998,0.7749999999999999,Neutral,5,3,3530.0095321472863,353.0009532147286,2296.552453553947,229.6552453553947,0.9099999999999999
132,1130.457057671833,397.3992555341984,2024-05-09,Electronics,1.3357561590422733,A189,Facebook,0.8979591836734693,0.7,Negative,5,3,3530.0095321472863,353.0009532147286,2296.552453553947,229.6552453553947,0.8187755102040815
132,1130.457057671833,397.3992555341984,2024-05-09,Electronics,1.3357561590422733,A189,Twitter,0.18367346938775508,0.7,Neutral,5,3,3530.0095321472863,353.0009532147286,2296.552453553947,229.6552453553947,0.390204081632653
132,1130.457057671833,397.3992555341984,2024-05-09,Electronics,1.3357561590422733,A189,Twitter,0.18367346938775508,0.7,Neutral,5,3,3530.0095321472863,353.0009532147286,2296.552453553947,229.6552453553947,0.390204081632653
132,1130.920440546421,308.6026508952588,2024-05-10,Sports,4.29539226359752,A134,,,,,5,4,706.0019064294572,353.0009532147286,308.6026508952588,308.6026508952588,
132,1130.920440546421,308.6026508952588,2024-05-10,Sports,4.29539226359752,A189,LinkedIn,0.5714285714285712,0.42500000000000004,Negative,5,4,3530.0095321472863,353.0009532147286,1543.0132544762942,308.6026508952588,0.5128571428571427
132,1130.920440546421,308.6026508952588,2024-05-10,Sports,4.29539226359752,A189,TikTok,0.9999999999999998,0.7749999999999999,Neutral,5,4,3530.0095321472863,353.0009532147286,1543.0132544762942,308.6026508952588,0.9099999999999999
132,1130.920440546421,308.6026508952588,2024-05-10,Sports,4.29539226359752,A189,Facebook,0.8979591836734693,0.7,Negative,5,4,3530.0095321472863,353.0009532147286,1543.0132544762942,308.6026508952588,0.8187755102040815
132,1130.920440546421,308.6026508952588,2024-05-10,Sports,4.29539226359752,A189,Twitter,0.18367346938775508,0.7,Neutral,5,4,3530.0095321472863,353.0009532147286,1543.0132544762942,308.6026508952588,0.390204081632653
132,1130.920440546421,308.6026508952588,2024-05-10,Sports,4.29539226359752,A189,Twitter,0.18367346938775508,0.7,Neutral,5,4,3530.0095321472863,353.0009532147286,1543.0132544762942,308.6026508952588,0.390204081632653
147,1132.2339319198522,199.1732065651273,2024-05-11,Clothing,3.784392108643064,A159,,,,,5,5,199.1732065651273,199.1732065651273,873.297982386941,291.0993274623137,
122,1132.0758832636884,300.7605148763133,2024-05-12,Groceries,1.2901283823081735,A123,,,,,5,6,300.7605148763133,300.7605148763133,300.7605148763133,300.7605148763133,
187,1135.099832384683,469.86729935387865,2024-05-14,Books,4.89503769478097,A124,TikTok,0.510204081632653,0.8999999999999999,Neutral,5,1,2826.155532310102,471.02592205168366,2826.155532310102,471.02592205168366,0.6661224489795918
187,1135.099832384683,469.86729935387865,2024-05-14,Books,4.89503769478097,A124,Facebook,0.9183673469387754,0.675,Positive,5,1,2826.155532310102,471.02592205168366,2826.155532310102,471.02592205168366,0.8210204081632653
187,1135.099832384683,469.86729935387865,2024-05-14,Books,4.89503769478097,A124,LinkedIn,0.5510204081632653,0.55,Positive,5,1,2826.155532310102,471.02592205168366,2826.155532310102,471.02592205168366,0.5506122448979591
187,1135.099832384683,469.86729935387865,2024-05-14,Books,4.89503769478097,A171,,,,,5,1,942.0518441033673,471.02592205168366,942.0518441033673,471.02592205168366,
135,1135.6437707412756,452.2704236334967,2024-05-15,Electronics,2.492531910796526,A129,Twitter,0.08163265306122436,0.875,Neutral,5,2,452.2704236334967,452.2704236334967,452.2704236334967,452.2704236334967,0.39897959183673465
197,1137.3827567341475,396.8658415612062,2024-05-16,Books,2.50386377658213,A137,LinkedIn,0.8775510204081631,0.625,Neutral,5,3,1542.4847727721067,385.62119319302667,793.7316831224124,396.8658415612062,0.7765306122448978
197,1137.3827567341475,396.8658415612062,2024-05-16,Books,2.50386377658213,A137,TikTok,0.9999999999999998,0.525,Positive,5,3,1542.4847727721067,385.62119319302667,793.7316831224124,396.8658415612062,0.8099999999999998
197,1137.3827567341475,396.8658415612062,2024-05-16,Books,2.50386377658213,A163,TikTok,0.06122448979591821,0.75,Neutral,5,3,793.7316831224124,396.8658415612062,793.7316831224124,396.8658415612062,0.33673469387755095
197,1137.3827567341475,396.8658415612062,2024-05-16,Books,2.50386377658213,A163,TikTok,0.9387755102040816,0.55,Neutral,5,3,793.7316831224124,396.8658415612062,793.7316831224124,396.8658415612062,0.783265306122449
197,1137.3827567341475,396.8658415612062,2024-05-16,Books,2.50386377658213,A131,LinkedIn,0.7551020408163263,0.5,Positive,5,3,396.8658415612062,396.8658415612062,396.8658415612062,396.8658415612062,0.6530612244897958
197,1137.3827567341475,396.8658415612062,2024-05-16,Books,2.50386377658213,A105,LinkedIn,0.0,0.9750000000000001,Neutral,5,3,1875.3571126951724,312.55951878252876,1587.4633662448248,396.8658415612062,0.39000000000000007
197,1137.3827567341475,396.8658415612062,2024-05-16,Books,2.50386377658213,A105,Instagram,0.04081632653061207,0.65,Neutral,5,3,1875.3571126951724,312.55951878252876,1587.4633662448248,396.8658415612062,0.28448979591836726
197,1137.3827567341475,396.8658415612062,2024-05-16,Books,2.50386377658213,A105,LinkedIn,0.0,0.9750000000000001,Neutral,5,3,1875.3571126951724,312.55951878252876,1587.4633662448248,396.8658415612062,0.39000000000000007
197,1137.3827567341475,396.8658415612062,2024-05-16,Books,2.50386377658213,A105,Instagram,0.04081632653061207,0.65,Neutral,5,3,1875.3571126951724,312.55951878252876,1587.4633662448248,396.8658415612062,0.28448979591836726
190,1139.459578928502,398.6969858455989,2024-05-19,Sports,4.921035437366538,A133,Twitter,0.4489795918367345,0.22499999999999998,Positive,5,6,1196.0909575367966,398.6969858455989,1196.0909575367966,398.6969858455989,0.3593877551020407
190,1139.459578928502,398.6969858455989,2024-05-19,Sports,4.921035437366538,A133,Twitter,0.4285714285714284,0.95,Negative,5,6,1196.0909575367966,398.6969858455989,1196.0909575367966,398.6969858455989,0.637142857142857
190,1139.459578928502,398.6969858455989,2024-05-19,Sports,4.921035437366538,A133,Instagram,0.04081632653061207,0.42500000000000004,Positive,5,6,1196.0909575367966,398.6969858455989,1196.0909575367966,398.6969858455989,0.1944897959183673
190,1139.459578928502,398.6969858455989,2024-05-19,Sports,4.921035437366538,A145,Twitter,0.857142857142857,0.35,Neutral,5,6,733.9023142202118,244.6341047400706,398.6969858455989,398.6969858455989,0.6542857142857141
164,1141.855008768747,357.4777895486369,2024-05-21,Sports,2.496402730802649,A119,,,,,5,1,802.5349887307833,401.26749436539166,357.4777895486369,357.4777895486369,
198,1142.6123132581074,467.6049925467544,2024-05-22,Books,2.5116208409809357,A132,LinkedIn,0.26530612244897944,0.575,Positive,5,2,768.1883409233236,384.0941704616618,467.6049925467544,467.6049925467544,0.38918367346938765
198,1142.6123132581074,467.6049925467544,2024-05-22,Books,2.5116208409809357,A140,LinkedIn,0.7346938775510203,0.525,Negative,5,2,467.6049925467544,467.6049925467544,467.6049925467544,467.6049925467544,0.6508163265306122
145,1144.6072914920564,472.1983278816954,2024-05-23,Sports,4.0735839863500525,A101,Twitter,0.36734693877551017,0.0,Neutral,5,3,472.1983278816954,472.1983278816954,472.1983278816954,472.1983278816954,0.2204081632653061
145,1144.6072914920564,472.1983278816954,2024-05-23,Sports,4.0735839863500525,A108,,,,,5,3,472.1983278816954,472.1983278816954,472.1983278816954,472.1983278816954,
177,1145.2449196718503,174.76276036574788,2024-05-24,Groceries,3.189234763948371,A183,TikTok,0.8163265306122447,0.7749999999999999,Positive,5,4,1239.6399190957886,309.90997977394716,349.52552073149576,174.76276036574788,0.7997959183673469
177,1145.2449196718503,174.76276036574788,2024-05-24,Groceries,3.189234763948371,A183,TikTok,0.4489795918367345,1.0,Positive,5,4,1239.6399190957886,309.90997977394716,349.52552073149576,174.76276036574788,0.6693877551020407
177,1145.2449196718503,174.76276036574788,2024-05-24,Groceries,3.189234763948371,A174,Facebook,0.9183673469387754,0.475,Neutral,5,4,349.52552073149576,174.76276036574788,349.52552073149576,174.76276036574788,0.7410204081632652
177,1145.2449196718503,174.76276036574788,2024-05-24,Groceries,3.189234763948371,A174,TikTok,0.2857142857142856,0.7,Positive,5,4,349.52552073149576,174.76276036574788,349.52552073149576,174.76276036574788,0.4514285714285713
101,1146.4895275796134,89.10238613052634,2024-05-25,Sports,2.70210867858815,A116,Twitter,0.5714285714285712,0.025000000000000022,Negative,5,5,897.8399170626817,89.78399170626817,897.8399170626817,89.78399170626817,0.3528571428571427
101,1146.4895275796134,89.10238613052634,2024-05-25,Sports,2.70210867858815,A116,LinkedIn,0.7959183673469385,0.35,Neutral,5,5,897.8399170626817,89.78399170626817,897.8399170626817,89.78399170626817,0.6175510204081631
101,1146.4895275796134,89.10238613052634,2024-05-25,Sports,2.70210867858815,A116,Instagram,0.6326530612244896,0.8999999999999999,Neutral,5,5,897.8399170626817,89.78399170626817,897.8399170626817,89.78399170626817,0.7395918367346938
101,1146.4895275796134,89.10238613052634,2024-05-25,Sports,2.70210867858815,A116,TikTok,0.6734693877551019,0.04999999999999999,Negative,5,5,897.8399170626817,89.78399170626817,897.8399170626817,89.78399170626817,0.42408163265306115
101,1146.4895275796134,89.10238613052634,2024-05-25,Sports,2.70210867858815,A116,Twitter,0.5714285714285712,0.025000000000000022,Negative,5,5,897.8399170626817,89.78399170626817,897.8399170626817,89.78399170626817,0.3528571428571427
101,1146.4895275796134,89.10238613052634,2024-05-25,Sports,2.70210867858815,A161,,,,,5,5,179.56798341253634,89.78399170626817,179.56798341253634,89.78399170626817,
104,1148.5254948830036,408.6774021402595,2024-05-27,Clothing,1.3922272850507291,A192,Instagram,0.204081632653061,0.825,Positive,5,0,766.4458871058204,255.4819623686068,408.6774021402595,408.6774021402595,0.4524489795918366
188,1148.8107121562484,177.71165427295986,2024-05-28,Sports,2.9718160984744464,A192,Instagram,0.204081632653061,0.825,Positive,5,1,766.4458871058204,255.4819623686068,566.0110478973986,188.67034929913288,0.4524489795918366
113,1149.474872243201,313.9921350771814,2024-05-29,Clothing,1.0109292606147222,A196,Instagram,0.7142857142857142,0.725,Negative,5,2,313.9921350771814,313.9921350771814,1599.3617482798113,399.8404370699528,0.7185714285714284
188,1052.812029021135,330.99539220096324,2024-02-22,Groceries,3.265315189133604,A192,Instagram,0.204081632653061,0.825,Positive,2,3,664.4726641066312,332.2363320533156,1047.6301683678603,261.90754209196507,0.4524489795918366
121,1131.7899928581107,300.58334837656923,2024-05-12,Groceries,1.3019122691406602,A185,TikTok,0.8163265306122447,0.6,Neutral,5,6,1202.333393506277,300.58334837656923,1202.333393506277,300.58334837656923,0.7297959183673468
121,1131.7899928581107,300.58334837656923,2024-05-12,Groceries,1.3019122691406602,A185,Facebook,0.5714285714285712,0.35,Positive,5,6,1202.333393506277,300.58334837656923,1202.333393506277,300.58334837656923,0.48285714285714265
121,1131.7899928581107,300.58334837656923,2024-05-12,Groceries,1.3019122691406602,A185,TikTok,0.18367346938775508,0.65,Positive,5,6,1202.333393506277,300.58334837656923,1202.333393506277,300.58334837656923,0.37020408163265306
121,1131.7899928581107,300.58334837656923,2024-05-12,Groceries,1.3019122691406602,A185,TikTok,0.0,0.125,Negative,5,6,1202.333393506277,300.58334837656923,1202.333393506277,300.58334837656923,0.05
121,1131.7899928581107,300.58334837656923,2024-05-12,Groceries,1.3019122691406602,A153,,,,,5,6,300.58334837656923,300.58334837656923,300.58334837656923,300.58334837656923,
121,1131.7899928581107,300.58334837656923,2024-05-12,Groceries,1.3019122691406602,A132,LinkedIn,0.26530612244897944,0.575,Positive,5,6,768.1883409233236,384.0941704616618,300.58334837656923,300.58334837656923,0.38918367346938765
121,1131.7899928581107,300.58334837656923,2024-05-12,Groceries,1.3019122691406602,A179,Twitter,0.0,0.5,Negative,5,6,674.9598932014163,337.47994660070816,300.58334837656923,300.58334837656923,0.2
187,1109.4222600285627,374.0708801325945,2024-04-18,Clothing,2.817902768025561,A124,TikTok,0.510204081632653,0.8999999999999999,Neutral,4,3,4334.956887308071,361.24640727567254,5992.435645241358,399.4957096827572,0.6661224489795918
187,1109.4222600285627,374.0708801325945,2024-04-18,Clothing,2.817902768025561,A124,Facebook,0.9183673469387754,0.675,Positive,4,3,4334.956887308071,361.24640727567254,5992.435645241358,399.4957096827572,0.8210204081632653
187,1109.4222600285627,374.0708801325945,2024-04-18,Clothing,2.817902768025561,A124,LinkedIn,0.5510204081632653,0.55,Positive,4,3,4334.956887308071,361.24640727567254,5992.435645241358,399.4957096827572,0.5506122448979591
187,1109.4222600285627,374.0708801325945,2024-04-18,Clothing,2.817902768025561,A171,,,,,4,3,1297.3553970664607,324.33884926661517,1604.8545795427035,401.2136448856759,
187,1134.5513737730423,472.1845447494886,2024-05-14,Books,4.907876410314368,A124,TikTok,0.510204081632653,0.8999999999999999,Neutral,5,1,2826.155532310102,471.02592205168366,2826.155532310102,471.02592205168366,0.6661224489795918
187,1134.5513737730423,472.1845447494886,2024-05-14,Books,4.907876410314368,A124,Facebook,0.9183673469387754,0.675,Positive,5,1,2826.155532310102,471.02592205168366,2826.155532310102,471.02592205168366,0.8210204081632653
187,1134.5513737730423,472.1845447494886,2024-05-14,Books,4.907876410314368,A124,LinkedIn,0.5510204081632653,0.55,Positive,5,1,2826.155532310102,471.02592205168366,2826.155532310102,471.02592205168366,0.5506122448979591
187,1134.5513737730423,472.1845447494886,2024-05-14,Books,4.907876410314368,A171,,,,,5,1,942.0518441033673,471.02592205168366,942.0518441033673,471.02592205168366,
179,1096.7081098334158,274.24026627735554,2024-04-06,Groceries,4.261954727357944,A111,Instagram,0.9795918367346936,0.7749999999999999,Negative,4,5,917.9441983814891,305.98139946049633,1117.0956219743384,279.2739054935846,0.8977551020408161
179,1096.7081098334158,274.24026627735554,2024-04-06,Groceries,4.261954727357944,A174,Facebook,0.9183673469387754,0.475,Neutral,4,5,2195.336022984456,274.417002873057,2985.2798718095673,298.52798718095676,0.7410204081632652
179,1096.7081098334158,274.24026627735554,2024-04-06,Groceries,4.261954727357944,A174,TikTok,0.2857142857142856,0.7,Positive,4,5,2195.336022984456,274.417002873057,2985.2798718095673,298.52798718095676,0.4514285714285713
191,1077.8376667425696,492.32142020148194,2024-03-18,Books,3.8838261721485927,A114,Facebook,0.7551020408163263,0.95,Negative,3,0,1442.7586217610813,480.9195405870271,1475.155020585356,491.7183401951186,0.8330612244897957
191,1077.8376667425696,492.32142020148194,2024-03-18,Books,3.8838261721485927,A102,LinkedIn,0.020408163265305923,0.95,Neutral,3,0,1717.2697537404626,429.31743843511566,982.7560199592292,491.3780099796146,0.39224489795918355
188,1149.1430006383423,180.05683069260098,2024-05-28,Sports,2.9159293885586512,A192,Instagram,0.204081632653061,0.825,Positive,5,1,766.4458871058204,255.4819623686068,566.0110478973986,188.67034929913288,0.4524489795918366
119,1004.6967635444728,395.4347530010898,2024-01-06,Groceries,1.0815625054227342,A187,LinkedIn,0.9591836734693875,0.8500000000000001,Negative,1,5,1444.580761070892,240.763460178482,1618.144878678791,269.6908131131318,0.9155102040816325
119,1004.6967635444728,395.4347530010898,2024-01-06,Groceries,1.0815625054227342,A187,Instagram,0.4285714285714284,0.375,Neutral,1,5,1444.580761070892,240.763460178482,1618.144878678791,269.6908131131318,0.40714285714285703
119,1004.6967635444728,395.4347530010898,2024-01-06,Groceries,1.0815625054227342,A187,Twitter,0.7959183673469385,0.07500000000000001,Negative,1,5,1444.580761070892,240.763460178482,1618.144878678791,269.6908131131318,0.5075510204081631
103,1052.2786555891053,429.3459603871008,2024-02-21,Groceries,4.790498520777384,A194,LinkedIn,0.7959183673469385,0.75,Negative,2,2,856.0905513923911,428.0452756961956,967.6127357943164,322.5375785981055,0.7775510204081632
127,1105.2223324319837,207.60784266722456,2024-04-14,Books,4.823791342086014,A144,Twitter,0.40816326530612224,0.07500000000000001,Positive,4,6,627.2395652499763,209.07985508332544,627.2395652499763,209.07985508332544,0.2748979591836733
101,1021.4512256754472,191.99209413738555,2024-01-21,Groceries,3.399139813926121,A116,Twitter,0.5714285714285712,0.025000000000000022,Negative,1,6,2314.85429695124,231.485429695124,959.9604706869277,191.99209413738555,0.3528571428571427
101,1021.4512256754472,191.99209413738555,2024-01-21,Groceries,3.399139813926121,A116,LinkedIn,0.7959183673469385,0.35,Neutral,1,6,2314.85429695124,231.485429695124,959.9604706869277,191.99209413738555,0.6175510204081631
101,1021.4512256754472,191.99209413738555,2024-01-21,Groceries,3.399139813926121,A116,Instagram,0.6326530612244896,0.8999999999999999,Neutral,1,6,2314.85429695124,231.485429695124,959.9604706869277,191.99209413738555,0.7395918367346938
101,1021.4512256754472,191.99209413738555,2024-01-21,Groceries,3.399139813926121,A116,TikTok,0.6734693877551019,0.04999999999999999,Negative,1,6,2314.85429695124,231.485429695124,959.9604706869277,191.99209413738555,0.42408163265306115
101,1021.4512256754472,191.99209413738555,2024-01-21,Groceries,3.399139813926121,A116,Twitter,0.5714285714285712,0.025000000000000022,Negative,1,6,2314.85429695124,231.485429695124,959.9604706869277,191.99209413738555,0.3528571428571427
101,1021.4512256754472,191.99209413738555,2024-01-21,Groceries,3.399139813926121,A161,,,,,1,6,672.8067652487255,224.26892174957516,191.99209413738555,191.99209413738555,
111,1114.3097993910833,326.6799347743258,2024-04-26,Sports,3.0051931044312257,A137,LinkedIn,0.8775510204081631,0.625,Neutral,4,4,653.3598695486515,326.6799347743258,653.3598695486515,326.6799347743258,0.7765306122448978
111,1114.3097993910833,326.6799347743258,2024-04-26,Sports,3.0051931044312257,A137,TikTok,0.9999999999999998,0.525,Positive,4,4,653.3598695486515,326.6799347743258,653.3598695486515,326.6799347743258,0.8099999999999998
111,1114.3097993910833,326.6799347743258,2024-04-26,Sports,3.0051931044312257,A179,Twitter,0.0,0.5,Negative,4,4,326.6799347743258,326.6799347743258,326.6799347743258,326.6799347743258,0.2
179,1096.3389734288978,270.1498368766205,2024-04-06,Groceries,4.263262983646438,A111,Instagram,0.9795918367346936,0.7749999999999999,Negative,4,5,917.9441983814891,305.98139946049633,1117.0956219743384,279.2739054935846,0.8977551020408161
179,1096.3389734288978,270.1498368766205,2024-04-06,Groceries,4.263262983646438,A174,Facebook,0.9183673469387754,0.475,Neutral,4,5,2195.336022984456,274.417002873057,2985.2798718095673,298.52798718095676,0.7410204081632652
179,1096.3389734288978,270.1498368766205,2024-04-06,Groceries,4.263262983646438,A174,TikTok,0.2857142857142856,0.7,Positive,4,5,2195.336022984456,274.417002873057,2985.2798718095673,298.52798718095676,0.4514285714285713
112,1087.717799294447,486.47841737953,2024-03-27,Books,4.111584652491146,A188,TikTok,0.0,0.65,Positive,3,2,671.5258482391662,335.7629241195831,486.47841737953,486.47841737953,0.26
112,1087.717799294447,486.47841737953,2024-03-27,Books,4.111584652491146,A185,TikTok,0.8163265306122447,0.6,Neutral,3,2,3221.2459079952164,402.65573849940205,3221.2459079952164,402.65573849940205,0.7297959183673468
112,1087.717799294447,486.47841737953,2024-03-27,Books,4.111584652491146,A185,Facebook,0.5714285714285712,0.35,Positive,3,2,3221.2459079952164,402.65573849940205,3221.2459079952164,402.65573849940205,0.48285714285714265
112,1087.717799294447,486.47841737953,2024-03-27,Books,4.111584652491146,A185,TikTok,0.18367346938775508,0.65,Positive,3,2,3221.2459079952164,402.65573849940205,3221.2459079952164,402.65573849940205,0.37020408163265306
112,1087.717799294447,486.47841737953,2024-03-27,Books,4.111584652491146,A185,TikTok,0.0,0.125,Negative,3,2,3221.2459079952164,402.65573849940205,3221.2459079952164,402.65573849940205,0.05
112,1087.717799294447,486.47841737953,2024-03-27,Books,4.111584652491146,A175,,,,,3,2,486.47841737953,486.47841737953,486.47841737953,486.47841737953,
159,1022.7289669258593,76.32735777535959,2024-01-23,Groceries,1.9738613215018896,A170,,,,,1,1,275.7849086729448,68.9462271682362,314.38644085604227,104.79548028534742,
159,1022.7289669258593,76.32735777535959,2024-01-23,Groceries,1.9738613215018896,A176,Facebook,0.40816326530612224,0.575,Negative,1,1,1121.0834824251772,186.84724707086286,591.4689177169147,197.15630590563822,0.4748979591836733
159,1022.7289669258593,76.32735777535959,2024-01-23,Groceries,1.9738613215018896,A188,TikTok,0.0,0.65,Positive,1,1,275.7849086729448,68.9462271682362,154.60043538258816,77.30021769129408,0.26
101,1145.9743486325992,90.46559728201,2024-05-25,Sports,2.7152047843432894,A116,Twitter,0.5714285714285712,0.025000000000000022,Negative,5,5,897.8399170626817,89.78399170626817,897.8399170626817,89.78399170626817,0.3528571428571427
101,1145.9743486325992,90.46559728201,2024-05-25,Sports,2.7152047843432894,A116,LinkedIn,0.7959183673469385,0.35,Neutral,5,5,897.8399170626817,89.78399170626817,897.8399170626817,89.78399170626817,0.6175510204081631
101,1145.9743486325992,90.46559728201,2024-05-25,Sports,2.7152047843432894,A116,Instagram,0.6326530612244896,0.8999999999999999,Neutral,5,5,897.8399170626817,89.78399170626817,897.8399170626817,89.78399170626817,0.7395918367346938
101,1145.9743486325992,90.46559728201,2024-05-25,Sports,2.7152047843432894,A116,TikTok,0.6734693877551019,0.04999999999999999,Negative,5,5,897.8399170626817,89.78399170626817,897.8399170626817,89.78399170626817,0.42408163265306115
101,1145.9743486325992,90.46559728201,2024-05-25,Sports,2.7152047843432894,A116,Twitter,0.5714285714285712,0.025000000000000022,Negative,5,5,897.8399170626817,89.78399170626817,897.8399170626817,89.78399170626817,0.3528571428571427
101,1145.9743486325992,90.46559728201,2024-05-25,Sports,2.7152047843432894,A161,,,,,5,5,179.56798341253634,89.78399170626817,179.56798341253634,89.78399170626817,
127,1104.4131623760263,209.6892009317353,2024-04-14,Books,4.761711133428061,A144,Twitter,0.40816326530612224,0.07500000000000001,Positive,4,6,627.2395652499763,209.07985508332544,627.2395652499763,209.07985508332544,0.2748979591836733
173,1084.3667265114125,164.7997814637929,2024-03-24,Electronics,4.996928427748206,A194,LinkedIn,0.7959183673469385,0.75,Negative,3,6,374.30466396629,187.152331983145,164.7997814637929,164.7997814637929,0.7775510204081632
104,1073.1432800413304,208.24256293183777,2024-03-12,Sports,4.274675282162384,A192,Instagram,0.204081632653061,0.825,Positive,3,1,490.8630032980144,245.4315016490072,566.0110478973986,188.67034929913288,0.4524489795918366
178,1097.213432398916,272.9012837194504,2024-04-06,Groceries,4.310423532284774,A132,LinkedIn,0.26530612244897944,0.575,Positive,4,5,1088.905541708752,272.226385427188,1088.905541708752,272.226385427188,0.38918367346938765
178,1097.213432398916,272.9012837194504,2024-04-06,Groceries,4.310423532284774,A114,Facebook,0.7551020408163263,0.95,Negative,4,5,811.7858411671509,270.5952803890503,811.7858411671509,270.5952803890503,0.8330612244897957
178,1097.213432398916,272.9012837194504,2024-04-06,Groceries,4.310423532284774,A132,LinkedIn,0.26530612244897944,0.575,Positive,4,5,1088.905541708752,272.226385427188,1088.905541708752,272.226385427188,0.38918367346938765
149,1043.0634131021125,388.8796546578489,2024-02-11,Sports,2.189606361842116,A131,LinkedIn,0.7551020408163263,0.5,Positive,2,6,388.8796546578489,388.8796546578489,824.103394020198,412.051697010099,0.6530612244897958
159,1003.4833342380088,60.64102876410991,2024-01-05,Clothing,1.2829332134457472,A170,,,,,1,4,275.7849086729448,68.9462271682362,342.77846908324875,114.25948969441625,
159,1003.4833342380088,60.64102876410991,2024-01-05,Clothing,1.2829332134457472,A176,Facebook,0.40816326530612224,0.575,Negative,1,4,1121.0834824251772,186.84724707086286,342.77846908324875,114.25948969441625,0.4748979591836733
159,1003.4833342380088,60.64102876410991,2024-01-05,Clothing,1.2829332134457472,A188,TikTok,0.0,0.65,Positive,1,4,275.7849086729448,68.9462271682362,342.77846908324875,114.25948969441625,0.26
152,1056.813353402057,307.8731352290074,2024-02-27,Clothing,4.776831946024933,A152,Facebook,0.9183673469387754,0.7749999999999999,Positive,2,1,1229.8904388273422,307.47260970683556,1229.8904388273422,307.47260970683556,0.8610204081632653
152,1056.813353402057,307.8731352290074,2024-02-27,Clothing,4.776831946024933,A152,Instagram,0.6326530612244896,0.8,Positive,2,1,1229.8904388273422,307.47260970683556,1229.8904388273422,307.47260970683556,0.6995918367346938
152,1056.813353402057,307.8731352290074,2024-02-27,Clothing,4.776831946024933,A145,Twitter,0.857142857142857,0.35,Neutral,2,1,709.0910436925906,236.36368123086353,614.9452194136711,307.47260970683556,0.6542857142857141
